-7,17,pSM+8YQYV987n7dqgUOCxMiw+hw=,oE797VX++YxFFREGxxaqfSSGyhU=
-6,17,pSM+8YQYV987n7dqgUOCxMiw+hw=,oE797VX++YxFFREGxxaqfSSGyhU=
-7,18,pSM+8YQYV987n7dqgUOCxMiw+hw=,oE797VX++YxFFREGxxaqfSSGyhU=
-6,18,pSM+8YQYV987n7dqgUOCxMiw+hw=,oE797VX++YxFFREGxxaqfSSGyhU=
-7,19,pSM+8YQYV987n7dqgUOCxMiw+hw=,oE797VX++YxFFREGxxaqfSSGyhU=
-6,19,pSM+8YQYV987n7dqgUOCxMiw+hw=,oE797VX++YxFFREGxxaqfSSGyhU=
-7,20,pSM+8YQYV987n7dqgUOCxMiw+hw=,oE797VX++YxFFREGxxaqfSSGyhU=
-7,21,pSM+8YQYV987n7dqgUOCxMiw+hw=,oE797VX++YxFFREGxxaqfSSGyhU=
-6,20,pSM+8YQYV987n7dqgUOCxMiw+hw=,oE797VX++YxFFREGxxaqfSSGyhU=
-6,21,pSM+8YQYV987n7dqgUOCxMiw+hw=,oE797VX++YxFFREGxxaqfSSGyhU=
-6,22,pSM+8YQYV987n7dqgUOCxMiw+hw=,oE797VX++YxFFREGxxaqfSSGyhU=
-2,18,pSM+8YQYV987n7dqgUOCxMiw+hw=,oE797VX++YxFFREGxxaqfSSGyhU=
-2,17,pSM+8YQYV987n7dqgUOCxMiw+hw=,oE797VX++YxFFREGxxaqfSSGyhU=
-3,18,pSM+8YQYV987n7dqgUOCxMiw+hw=,oE797VX++YxFFREGxxaqfSSGyhU=
-7,22,pSM+8YQYV987n7dqgUOCxMiw+hw=,oE797VX++YxFFREGxxaqfSSGyhU=
-5,17,pSM+8YQYV987n7dqgUOCxMiw+hw=,oE797VX++YxFFREGxxaqfSSGyhU=
-4,18,pSM+8YQYV987n7dqgUOCxMiw+hw=,oE797VX++YxFFREGxxaqfSSGyhU=
-3,17,pSM+8YQYV987n7dqgUOCxMiw+hw=,oE797VX++YxFFREGxxaqfSSGyhU=
-4,17,pSM+8YQYV987n7dqgUOCxMiw+hw=,oE797VX++YxFFREGxxaqfSSGyhU=
-5,18,pSM+8YQYV987n7dqgUOCxMiw+hw=,oE797VX++YxFFREGxxaqfSSGyhU=
-3,22,pSM+8YQYV987n7dqgUOCxMiw+hw=,oE797VX++YxFFREGxxaqfSSGyhU=
-2,22,pSM+8YQYV987n7dqgUOCxMiw+hw=,oE797VX++YxFFREGxxaqfSSGyhU=
-5,19,pSM+8YQYV987n7dqgUOCxMiw+hw=,oE797VX++YxFFREGxxaqfSSGyhU=
-4,22,pSM+8YQYV987n7dqgUOCxMiw+hw=,oE797VX++YxFFREGxxaqfSSGyhU=
-3,21,pSM+8YQYV987n7dqgUOCxMiw+hw=,oE797VX++YxFFREGxxaqfSSGyhU=
-2,21,pSM+8YQYV987n7dqgUOCxMiw+hw=,oE797VX++YxFFREGxxaqfSSGyhU=
-5,21,pSM+8YQYV987n7dqgUOCxMiw+hw=,oE797VX++YxFFREGxxaqfSSGyhU=
-2,19,pSM+8YQYV987n7dqgUOCxMiw+hw=,oE797VX++YxFFREGxxaqfSSGyhU=
-4,21,pSM+8YQYV987n7dqgUOCxMiw+hw=,oE797VX++YxFFREGxxaqfSSGyhU=
-2,20,pSM+8YQYV987n7dqgUOCxMiw+hw=,oE797VX++YxFFREGxxaqfSSGyhU=
-5,22,pSM+8YQYV987n7dqgUOCxMiw+hw=,oE797VX++YxFFREGxxaqfSSGyhU=
-3,19,pSM+8YQYV987n7dqgUOCxMiw+hw=,oE797VX++YxFFREGxxaqfSSGyhU=
-4,19,pSM+8YQYV987n7dqgUOCxMiw+hw=,oE797VX++YxFFREGxxaqfSSGyhU=
-3,20,pSM+8YQYV987n7dqgUOCxMiw+hw=,oE797VX++YxFFREGxxaqfSSGyhU=
-5,20,pSM+8YQYV987n7dqgUOCxMiw+hw=,oE797VX++YxFFREGxxaqfSSGyhU=
-4,20,pSM+8YQYV987n7dqgUOCxMiw+hw=,oE797VX++YxFFREGxxaqfSSGyhU=
-7,25,pSM+8YQYV987n7dqgUOCxMiw+hw=,oE797VX++YxFFREGxxaqfSSGyhU=
-7,24,pSM+8YQYV987n7dqgUOCxMiw+hw=,oE797VX++YxFFREGxxaqfSSGyhU=
-7,26,pSM+8YQYV987n7dqgUOCxMiw+hw=,oE797VX++YxFFREGxxaqfSSGyhU=
-6,25,pSM+8YQYV987n7dqgUOCxMiw+hw=,oE797VX++YxFFREGxxaqfSSGyhU=
-6,26,pSM+8YQYV987n7dqgUOCxMiw+hw=,oE797VX++YxFFREGxxaqfSSGyhU=
-7,23,pSM+8YQYV987n7dqgUOCxMiw+hw=,oE797VX++YxFFREGxxaqfSSGyhU=
-11,29,pSM+8YQYV987n7dqgUOCxMiw+hw=,oE797VX++YxFFREGxxaqfSSGyhU=
-10,30,pSM+8YQYV987n7dqgUOCxMiw+hw=,oE797VX++YxFFREGxxaqfSSGyhU=
-11,30,pSM+8YQYV987n7dqgUOCxMiw+hw=,oE797VX++YxFFREGxxaqfSSGyhU=
-10,29,pSM+8YQYV987n7dqgUOCxMiw+hw=,oE797VX++YxFFREGxxaqfSSGyhU=
-8,25,pSM+8YQYV987n7dqgUOCxMiw+hw=,oE797VX++YxFFREGxxaqfSSGyhU=
-11,28,pSM+8YQYV987n7dqgUOCxMiw+hw=,oE797VX++YxFFREGxxaqfSSGyhU=
-8,26,pSM+8YQYV987n7dqgUOCxMiw+hw=,oE797VX++YxFFREGxxaqfSSGyhU=
-10,28,pSM+8YQYV987n7dqgUOCxMiw+hw=,oE797VX++YxFFREGxxaqfSSGyhU=
-6,23,pSM+8YQYV987n7dqgUOCxMiw+hw=,oE797VX++YxFFREGxxaqfSSGyhU=
-6,24,pSM+8YQYV987n7dqgUOCxMiw+hw=,oE797VX++YxFFREGxxaqfSSGyhU=
-1,21,pSM+8YQYV987n7dqgUOCxMiw+hw=,oE797VX++YxFFREGxxaqfSSGyhU=
-1,17,pSM+8YQYV987n7dqgUOCxMiw+hw=,oE797VX++YxFFREGxxaqfSSGyhU=
-1,18,pSM+8YQYV987n7dqgUOCxMiw+hw=,oE797VX++YxFFREGxxaqfSSGyhU=
-1,20,pSM+8YQYV987n7dqgUOCxMiw+hw=,oE797VX++YxFFREGxxaqfSSGyhU=
-5,25,pSM+8YQYV987n7dqgUOCxMiw+hw=,oE797VX++YxFFREGxxaqfSSGyhU=
-11,31,pSM+8YQYV987n7dqgUOCxMiw+hw=,oE797VX++YxFFREGxxaqfSSGyhU=
-10,31,pSM+8YQYV987n7dqgUOCxMiw+hw=,oE797VX++YxFFREGxxaqfSSGyhU=
-2,24,pSM+8YQYV987n7dqgUOCxMiw+hw=,oE797VX++YxFFREGxxaqfSSGyhU=
-1,19,pSM+8YQYV987n7dqgUOCxMiw+hw=,oE797VX++YxFFREGxxaqfSSGyhU=
-3,24,pSM+8YQYV987n7dqgUOCxMiw+hw=,oE797VX++YxFFREGxxaqfSSGyhU=
-5,24,pSM+8YQYV987n7dqgUOCxMiw+hw=,oE797VX++YxFFREGxxaqfSSGyhU=
-4,25,pSM+8YQYV987n7dqgUOCxMiw+hw=,oE797VX++YxFFREGxxaqfSSGyhU=
-5,26,pSM+8YQYV987n7dqgUOCxMiw+hw=,oE797VX++YxFFREGxxaqfSSGyhU=
-1,23,pSM+8YQYV987n7dqgUOCxMiw+hw=,oE797VX++YxFFREGxxaqfSSGyhU=
-1,24,pSM+8YQYV987n7dqgUOCxMiw+hw=,oE797VX++YxFFREGxxaqfSSGyhU=
-2,23,pSM+8YQYV987n7dqgUOCxMiw+hw=,oE797VX++YxFFREGxxaqfSSGyhU=
-1,26,pSM+8YQYV987n7dqgUOCxMiw+hw=,oE797VX++YxFFREGxxaqfSSGyhU=
-3,25,pSM+8YQYV987n7dqgUOCxMiw+hw=,oE797VX++YxFFREGxxaqfSSGyhU=
-1,22,pSM+8YQYV987n7dqgUOCxMiw+hw=,oE797VX++YxFFREGxxaqfSSGyhU=
-8,21,pSM+8YQYV987n7dqgUOCxMiw+hw=,oE797VX++YxFFREGxxaqfSSGyhU=
-7,16,pSM+8YQYV987n7dqgUOCxMiw+hw=,oE797VX++YxFFREGxxaqfSSGyhU=
-8,23,pSM+8YQYV987n7dqgUOCxMiw+hw=,oE797VX++YxFFREGxxaqfSSGyhU=
-8,22,pSM+8YQYV987n7dqgUOCxMiw+hw=,oE797VX++YxFFREGxxaqfSSGyhU=
-9,28,pSM+8YQYV987n7dqgUOCxMiw+hw=,oE797VX++YxFFREGxxaqfSSGyhU=
-8,24,pSM+8YQYV987n7dqgUOCxMiw+hw=,oE797VX++YxFFREGxxaqfSSGyhU=
-9,30,pSM+8YQYV987n7dqgUOCxMiw+hw=,oE797VX++YxFFREGxxaqfSSGyhU=
-8,31,pSM+8YQYV987n7dqgUOCxMiw+hw=,oE797VX++YxFFREGxxaqfSSGyhU=
-9,31,pSM+8YQYV987n7dqgUOCxMiw+hw=,oE797VX++YxFFREGxxaqfSSGyhU=
-3,23,pSM+8YQYV987n7dqgUOCxMiw+hw=,oE797VX++YxFFREGxxaqfSSGyhU=
-4,24,pSM+8YQYV987n7dqgUOCxMiw+hw=,oE797VX++YxFFREGxxaqfSSGyhU=
-8,30,pSM+8YQYV987n7dqgUOCxMiw+hw=,oE797VX++YxFFREGxxaqfSSGyhU=
-5,23,pSM+8YQYV987n7dqgUOCxMiw+hw=,oE797VX++YxFFREGxxaqfSSGyhU=
-6,16,pSM+8YQYV987n7dqgUOCxMiw+hw=,oE797VX++YxFFREGxxaqfSSGyhU=
-1,28,pSM+8YQYV987n7dqgUOCxMiw+hw=,oE797VX++YxFFREGxxaqfSSGyhU=
-2,26,pSM+8YQYV987n7dqgUOCxMiw+hw=,oE797VX++YxFFREGxxaqfSSGyhU=
-9,29,pSM+8YQYV987n7dqgUOCxMiw+hw=,oE797VX++YxFFREGxxaqfSSGyhU=
-4,23,pSM+8YQYV987n7dqgUOCxMiw+hw=,oE797VX++YxFFREGxxaqfSSGyhU=
-8,16,pSM+8YQYV987n7dqgUOCxMiw+hw=,oE797VX++YxFFREGxxaqfSSGyhU=
-8,17,pSM+8YQYV987n7dqgUOCxMiw+hw=,oE797VX++YxFFREGxxaqfSSGyhU=
-11,17,pSM+8YQYV987n7dqgUOCxMiw+hw=,oE797VX++YxFFREGxxaqfSSGyhU=
-10,19,pSM+8YQYV987n7dqgUOCxMiw+hw=,oE797VX++YxFFREGxxaqfSSGyhU=
-11,19,pSM+8YQYV987n7dqgUOCxMiw+hw=,oE797VX++YxFFREGxxaqfSSGyhU=
-9,19,pSM+8YQYV987n7dqgUOCxMiw+hw=,oE797VX++YxFFREGxxaqfSSGyhU=
-7,27,pSM+8YQYV987n7dqgUOCxMiw+hw=,oE797VX++YxFFREGxxaqfSSGyhU=
-8,27,pSM+8YQYV987n7dqgUOCxMiw+hw=,oE797VX++YxFFREGxxaqfSSGyhU=
-3,26,pSM+8YQYV987n7dqgUOCxMiw+hw=,oE797VX++YxFFREGxxaqfSSGyhU=
-9,16,pSM+8YQYV987n7dqgUOCxMiw+hw=,oE797VX++YxFFREGxxaqfSSGyhU=
-8,19,pSM+8YQYV987n7dqgUOCxMiw+hw=,oE797VX++YxFFREGxxaqfSSGyhU=
-8,20,pSM+8YQYV987n7dqgUOCxMiw+hw=,oE797VX++YxFFREGxxaqfSSGyhU=
-2,16,pSM+8YQYV987n7dqgUOCxMiw+hw=,oE797VX++YxFFREGxxaqfSSGyhU=
-4,26,pSM+8YQYV987n7dqgUOCxMiw+hw=,oE797VX++YxFFREGxxaqfSSGyhU=
-10,17,pSM+8YQYV987n7dqgUOCxMiw+hw=,oE797VX++YxFFREGxxaqfSSGyhU=
-12,17,pSM+8YQYV987n7dqgUOCxMiw+hw=,oE797VX++YxFFREGxxaqfSSGyhU=
-9,17,pSM+8YQYV987n7dqgUOCxMiw+hw=,oE797VX++YxFFREGxxaqfSSGyhU=
-8,18,pSM+8YQYV987n7dqgUOCxMiw+hw=,oE797VX++YxFFREGxxaqfSSGyhU=
-12,18,pSM+8YQYV987n7dqgUOCxMiw+hw=,oE797VX++YxFFREGxxaqfSSGyhU=
-11,18,pSM+8YQYV987n7dqgUOCxMiw+hw=,oE797VX++YxFFREGxxaqfSSGyhU=
-10,18,pSM+8YQYV987n7dqgUOCxMiw+hw=,oE797VX++YxFFREGxxaqfSSGyhU=
-9,18,pSM+8YQYV987n7dqgUOCxMiw+hw=,oE797VX++YxFFREGxxaqfSSGyhU=
-10,16,pSM+8YQYV987n7dqgUOCxMiw+hw=,oE797VX++YxFFREGxxaqfSSGyhU=
-11,16,pSM+8YQYV987n7dqgUOCxMiw+hw=,oE797VX++YxFFREGxxaqfSSGyhU=
-7,30,pSM+8YQYV987n7dqgUOCxMiw+hw=,oE797VX++YxFFREGxxaqfSSGyhU=
-2,25,pSM+8YQYV987n7dqgUOCxMiw+hw=,oE797VX++YxFFREGxxaqfSSGyhU=
-1,25,pSM+8YQYV987n7dqgUOCxMiw+hw=,oE797VX++YxFFREGxxaqfSSGyhU=
-7,31,pSM+8YQYV987n7dqgUOCxMiw+hw=,oE797VX++YxFFREGxxaqfSSGyhU=
-8,29,pSM+8YQYV987n7dqgUOCxMiw+hw=,oE797VX++YxFFREGxxaqfSSGyhU=
-6,27,pSM+8YQYV987n7dqgUOCxMiw+hw=,oE797VX++YxFFREGxxaqfSSGyhU=
-4,16,pSM+8YQYV987n7dqgUOCxMiw+hw=,oE797VX++YxFFREGxxaqfSSGyhU=
-5,16,pSM+8YQYV987n7dqgUOCxMiw+hw=,oE797VX++YxFFREGxxaqfSSGyhU=
-5,31,pSM+8YQYV987n7dqgUOCxMiw+hw=,oE797VX++YxFFREGxxaqfSSGyhU=
-6,30,pSM+8YQYV987n7dqgUOCxMiw+hw=,oE797VX++YxFFREGxxaqfSSGyhU=
-3,16,pSM+8YQYV987n7dqgUOCxMiw+hw=,oE797VX++YxFFREGxxaqfSSGyhU=
-6,29,pSM+8YQYV987n7dqgUOCxMiw+hw=,oE797VX++YxFFREGxxaqfSSGyhU=
-8,28,pSM+8YQYV987n7dqgUOCxMiw+hw=,oE797VX++YxFFREGxxaqfSSGyhU=
-7,29,pSM+8YQYV987n7dqgUOCxMiw+hw=,oE797VX++YxFFREGxxaqfSSGyhU=
-6,31,pSM+8YQYV987n7dqgUOCxMiw+hw=,oE797VX++YxFFREGxxaqfSSGyhU=
-7,28,pSM+8YQYV987n7dqgUOCxMiw+hw=,oE797VX++YxFFREGxxaqfSSGyhU=
-5,28,pSM+8YQYV987n7dqgUOCxMiw+hw=,oE797VX++YxFFREGxxaqfSSGyhU=
-5,30,pSM+8YQYV987n7dqgUOCxMiw+hw=,oE797VX++YxFFREGxxaqfSSGyhU=
-2,28,pSM+8YQYV987n7dqgUOCxMiw+hw=,oE797VX++YxFFREGxxaqfSSGyhU=
-12,30,pSM+8YQYV987n7dqgUOCxMiw+hw=,oE797VX++YxFFREGxxaqfSSGyhU=
-12,29,pSM+8YQYV987n7dqgUOCxMiw+hw=,oE797VX++YxFFREGxxaqfSSGyhU=
-1,31,pSM+8YQYV987n7dqgUOCxMiw+hw=,oE797VX++YxFFREGxxaqfSSGyhU=
-1,30,pSM+8YQYV987n7dqgUOCxMiw+hw=,oE797VX++YxFFREGxxaqfSSGyhU=
-1,16,pSM+8YQYV987n7dqgUOCxMiw+hw=,oE797VX++YxFFREGxxaqfSSGyhU=
-1,29,pSM+8YQYV987n7dqgUOCxMiw+hw=,oE797VX++YxFFREGxxaqfSSGyhU=
-12,31,pSM+8YQYV987n7dqgUOCxMiw+hw=,oE797VX++YxFFREGxxaqfSSGyhU=
-12,16,pSM+8YQYV987n7dqgUOCxMiw+hw=,oE797VX++YxFFREGxxaqfSSGyhU=
-14,27,pSM+8YQYV987n7dqgUOCxMiw+hw=,oE797VX++YxFFREGxxaqfSSGyhU=
-16,25,pSM+8YQYV987n7dqgUOCxMiw+hw=,oE797VX++YxFFREGxxaqfSSGyhU=
-13,26,pSM+8YQYV987n7dqgUOCxMiw+hw=,oE797VX++YxFFREGxxaqfSSGyhU=
-16,27,pSM+8YQYV987n7dqgUOCxMiw+hw=,oE797VX++YxFFREGxxaqfSSGyhU=
-15,25,pSM+8YQYV987n7dqgUOCxMiw+hw=,oE797VX++YxFFREGxxaqfSSGyhU=
-15,27,pSM+8YQYV987n7dqgUOCxMiw+hw=,oE797VX++YxFFREGxxaqfSSGyhU=
-14,26,pSM+8YQYV987n7dqgUOCxMiw+hw=,oE797VX++YxFFREGxxaqfSSGyhU=
-6,28,pSM+8YQYV987n7dqgUOCxMiw+hw=,oE797VX++YxFFREGxxaqfSSGyhU=
-16,26,pSM+8YQYV987n7dqgUOCxMiw+hw=,oE797VX++YxFFREGxxaqfSSGyhU=
-13,25,pSM+8YQYV987n7dqgUOCxMiw+hw=,oE797VX++YxFFREGxxaqfSSGyhU=
-12,28,pSM+8YQYV987n7dqgUOCxMiw+hw=,oE797VX++YxFFREGxxaqfSSGyhU=
-14,25,pSM+8YQYV987n7dqgUOCxMiw+hw=,oE797VX++YxFFREGxxaqfSSGyhU=
-15,26,pSM+8YQYV987n7dqgUOCxMiw+hw=,oE797VX++YxFFREGxxaqfSSGyhU=
-13,23,pSM+8YQYV987n7dqgUOCxMiw+hw=,oE797VX++YxFFREGxxaqfSSGyhU=
-13,27,pSM+8YQYV987n7dqgUOCxMiw+hw=,oE797VX++YxFFREGxxaqfSSGyhU=
-15,21,pSM+8YQYV987n7dqgUOCxMiw+hw=,oE797VX++YxFFREGxxaqfSSGyhU=
-16,21,pSM+8YQYV987n7dqgUOCxMiw+hw=,oE797VX++YxFFREGxxaqfSSGyhU=
-15,20,pSM+8YQYV987n7dqgUOCxMiw+hw=,oE797VX++YxFFREGxxaqfSSGyhU=
-16,20,pSM+8YQYV987n7dqgUOCxMiw+hw=,oE797VX++YxFFREGxxaqfSSGyhU=
-14,20,pSM+8YQYV987n7dqgUOCxMiw+hw=,oE797VX++YxFFREGxxaqfSSGyhU=
-13,22,pSM+8YQYV987n7dqgUOCxMiw+hw=,oE797VX++YxFFREGxxaqfSSGyhU=
-15,24,pSM+8YQYV987n7dqgUOCxMiw+hw=,oE797VX++YxFFREGxxaqfSSGyhU=
-13,24,pSM+8YQYV987n7dqgUOCxMiw+hw=,oE797VX++YxFFREGxxaqfSSGyhU=
-13,20,pSM+8YQYV987n7dqgUOCxMiw+hw=,oE797VX++YxFFREGxxaqfSSGyhU=
-14,22,pSM+8YQYV987n7dqgUOCxMiw+hw=,oE797VX++YxFFREGxxaqfSSGyhU=
-14,24,pSM+8YQYV987n7dqgUOCxMiw+hw=,oE797VX++YxFFREGxxaqfSSGyhU=
-2,31,pSM+8YQYV987n7dqgUOCxMiw+hw=,oE797VX++YxFFREGxxaqfSSGyhU=
-13,21,pSM+8YQYV987n7dqgUOCxMiw+hw=,oE797VX++YxFFREGxxaqfSSGyhU=
-14,21,pSM+8YQYV987n7dqgUOCxMiw+hw=,oE797VX++YxFFREGxxaqfSSGyhU=
-14,23,pSM+8YQYV987n7dqgUOCxMiw+hw=,oE797VX++YxFFREGxxaqfSSGyhU=
-1,27,pSM+8YQYV987n7dqgUOCxMiw+hw=,oE797VX++YxFFREGxxaqfSSGyhU=
-15,22,pSM+8YQYV987n7dqgUOCxMiw+hw=,oE797VX++YxFFREGxxaqfSSGyhU=
-2,30,pSM+8YQYV987n7dqgUOCxMiw+hw=,oE797VX++YxFFREGxxaqfSSGyhU=
-12,19,pSM+8YQYV987n7dqgUOCxMiw+hw=,oE797VX++YxFFREGxxaqfSSGyhU=
-5,29,pSM+8YQYV987n7dqgUOCxMiw+hw=,oE797VX++YxFFREGxxaqfSSGyhU=
-16,22,pSM+8YQYV987n7dqgUOCxMiw+hw=,oE797VX++YxFFREGxxaqfSSGyhU=
-2,29,pSM+8YQYV987n7dqgUOCxMiw+hw=,oE797VX++YxFFREGxxaqfSSGyhU=
-15,23,pSM+8YQYV987n7dqgUOCxMiw+hw=,oE797VX++YxFFREGxxaqfSSGyhU=
-2,27,pSM+8YQYV987n7dqgUOCxMiw+hw=,oE797VX++YxFFREGxxaqfSSGyhU=
-3,28,pSM+8YQYV987n7dqgUOCxMiw+hw=,oE797VX++YxFFREGxxaqfSSGyhU=
-3,31,pSM+8YQYV987n7dqgUOCxMiw+hw=,oE797VX++YxFFREGxxaqfSSGyhU=
-5,27,pSM+8YQYV987n7dqgUOCxMiw+hw=,oE797VX++YxFFREGxxaqfSSGyhU=
-3,27,pSM+8YQYV987n7dqgUOCxMiw+hw=,oE797VX++YxFFREGxxaqfSSGyhU=
-4,28,pSM+8YQYV987n7dqgUOCxMiw+hw=,oE797VX++YxFFREGxxaqfSSGyhU=
-3,30,pSM+8YQYV987n7dqgUOCxMiw+hw=,oE797VX++YxFFREGxxaqfSSGyhU=
-4,27,pSM+8YQYV987n7dqgUOCxMiw+hw=,oE797VX++YxFFREGxxaqfSSGyhU=
-4,29,pSM+8YQYV987n7dqgUOCxMiw+hw=,oE797VX++YxFFREGxxaqfSSGyhU=
-4,31,pSM+8YQYV987n7dqgUOCxMiw+hw=,oE797VX++YxFFREGxxaqfSSGyhU=
-4,30,pSM+8YQYV987n7dqgUOCxMiw+hw=,oE797VX++YxFFREGxxaqfSSGyhU=
-16,24,pSM+8YQYV987n7dqgUOCxMiw+hw=,oE797VX++YxFFREGxxaqfSSGyhU=
-16,23,pSM+8YQYV987n7dqgUOCxMiw+hw=,oE797VX++YxFFREGxxaqfSSGyhU=
-3,29,pSM+8YQYV987n7dqgUOCxMiw+hw=,oE797VX++YxFFREGxxaqfSSGyhU=
-6,6,pSM+8YQYV987n7dqgUOCxMiw+hw=,oE797VX++YxFFREGxxaqfSSGyhU=
-7,5,pSM+8YQYV987n7dqgUOCxMiw+hw=,oE797VX++YxFFREGxxaqfSSGyhU=
-6,5,pSM+8YQYV987n7dqgUOCxMiw+hw=,oE797VX++YxFFREGxxaqfSSGyhU=
-7,6,pSM+8YQYV987n7dqgUOCxMiw+hw=,oE797VX++YxFFREGxxaqfSSGyhU=
-10,2,pSM+8YQYV987n7dqgUOCxMiw+hw=,oE797VX++YxFFREGxxaqfSSGyhU=
-11,2,pSM+8YQYV987n7dqgUOCxMiw+hw=,oE797VX++YxFFREGxxaqfSSGyhU=
-10,1,pSM+8YQYV987n7dqgUOCxMiw+hw=,oE797VX++YxFFREGxxaqfSSGyhU=
-11,1,pSM+8YQYV987n7dqgUOCxMiw+hw=,oE797VX++YxFFREGxxaqfSSGyhU=
-10,0,pSM+8YQYV987n7dqgUOCxMiw+hw=,oE797VX++YxFFREGxxaqfSSGyhU=
-11,0,pSM+8YQYV987n7dqgUOCxMiw+hw=,oE797VX++YxFFREGxxaqfSSGyhU=
-6,2,pSM+8YQYV987n7dqgUOCxMiw+hw=,oE797VX++YxFFREGxxaqfSSGyhU=
-7,3,pSM+8YQYV987n7dqgUOCxMiw+hw=,oE797VX++YxFFREGxxaqfSSGyhU=
-6,3,pSM+8YQYV987n7dqgUOCxMiw+hw=,oE797VX++YxFFREGxxaqfSSGyhU=
-9,2,pSM+8YQYV987n7dqgUOCxMiw+hw=,oE797VX++YxFFREGxxaqfSSGyhU=
-7,2,pSM+8YQYV987n7dqgUOCxMiw+hw=,oE797VX++YxFFREGxxaqfSSGyhU=
-8,2,pSM+8YQYV987n7dqgUOCxMiw+hw=,oE797VX++YxFFREGxxaqfSSGyhU=
-6,4,pSM+8YQYV987n7dqgUOCxMiw+hw=,oE797VX++YxFFREGxxaqfSSGyhU=
-7,4,pSM+8YQYV987n7dqgUOCxMiw+hw=,oE797VX++YxFFREGxxaqfSSGyhU=
-7,1,pSM+8YQYV987n7dqgUOCxMiw+hw=,oE797VX++YxFFREGxxaqfSSGyhU=
-8,1,pSM+8YQYV987n7dqgUOCxMiw+hw=,oE797VX++YxFFREGxxaqfSSGyhU=
-6,1,pSM+8YQYV987n7dqgUOCxMiw+hw=,oE797VX++YxFFREGxxaqfSSGyhU=
-9,1,pSM+8YQYV987n7dqgUOCxMiw+hw=,oE797VX++YxFFREGxxaqfSSGyhU=
-5,6,pSM+8YQYV987n7dqgUOCxMiw+hw=,oE797VX++YxFFREGxxaqfSSGyhU=
-4,5,pSM+8YQYV987n7dqgUOCxMiw+hw=,oE797VX++YxFFREGxxaqfSSGyhU=
-3,6,pSM+8YQYV987n7dqgUOCxMiw+hw=,oE797VX++YxFFREGxxaqfSSGyhU=
-5,5,pSM+8YQYV987n7dqgUOCxMiw+hw=,oE797VX++YxFFREGxxaqfSSGyhU=
-4,6,pSM+8YQYV987n7dqgUOCxMiw+hw=,oE797VX++YxFFREGxxaqfSSGyhU=
-2,6,pSM+8YQYV987n7dqgUOCxMiw+hw=,oE797VX++YxFFREGxxaqfSSGyhU=
-3,5,pSM+8YQYV987n7dqgUOCxMiw+hw=,oE797VX++YxFFREGxxaqfSSGyhU=
-2,5,pSM+8YQYV987n7dqgUOCxMiw+hw=,oE797VX++YxFFREGxxaqfSSGyhU=
-5,2,pSM+8YQYV987n7dqgUOCxMiw+hw=,oE797VX++YxFFREGxxaqfSSGyhU=
-4,3,pSM+8YQYV987n7dqgUOCxMiw+hw=,oE797VX++YxFFREGxxaqfSSGyhU=
-4,1,pSM+8YQYV987n7dqgUOCxMiw+hw=,oE797VX++YxFFREGxxaqfSSGyhU=
-4,4,pSM+8YQYV987n7dqgUOCxMiw+hw=,oE797VX++YxFFREGxxaqfSSGyhU=
-3,2,pSM+8YQYV987n7dqgUOCxMiw+hw=,oE797VX++YxFFREGxxaqfSSGyhU=
-3,3,pSM+8YQYV987n7dqgUOCxMiw+hw=,oE797VX++YxFFREGxxaqfSSGyhU=
-2,2,pSM+8YQYV987n7dqgUOCxMiw+hw=,oE797VX++YxFFREGxxaqfSSGyhU=
-4,2,pSM+8YQYV987n7dqgUOCxMiw+hw=,oE797VX++YxFFREGxxaqfSSGyhU=
-5,4,pSM+8YQYV987n7dqgUOCxMiw+hw=,oE797VX++YxFFREGxxaqfSSGyhU=
-5,3,pSM+8YQYV987n7dqgUOCxMiw+hw=,oE797VX++YxFFREGxxaqfSSGyhU=
-7,7,pSM+8YQYV987n7dqgUOCxMiw+hw=,oE797VX++YxFFREGxxaqfSSGyhU=
-6,7,pSM+8YQYV987n7dqgUOCxMiw+hw=,oE797VX++YxFFREGxxaqfSSGyhU=
-3,4,pSM+8YQYV987n7dqgUOCxMiw+hw=,oE797VX++YxFFREGxxaqfSSGyhU=
-5,1,pSM+8YQYV987n7dqgUOCxMiw+hw=,oE797VX++YxFFREGxxaqfSSGyhU=
-2,1,pSM+8YQYV987n7dqgUOCxMiw+hw=,oE797VX++YxFFREGxxaqfSSGyhU=
-3,1,pSM+8YQYV987n7dqgUOCxMiw+hw=,oE797VX++YxFFREGxxaqfSSGyhU=
-2,3,pSM+8YQYV987n7dqgUOCxMiw+hw=,oE797VX++YxFFREGxxaqfSSGyhU=
-2,4,pSM+8YQYV987n7dqgUOCxMiw+hw=,oE797VX++YxFFREGxxaqfSSGyhU=
-4,9,pSM+8YQYV987n7dqgUOCxMiw+hw=,oE797VX++YxFFREGxxaqfSSGyhU=
-5,7,pSM+8YQYV987n7dqgUOCxMiw+hw=,oE797VX++YxFFREGxxaqfSSGyhU=
-15,2,pSM+8YQYV987n7dqgUOCxMiw+hw=,oE797VX++YxFFREGxxaqfSSGyhU=
-14,1,pSM+8YQYV987n7dqgUOCxMiw+hw=,oE797VX++YxFFREGxxaqfSSGyhU=
-13,1,pSM+8YQYV987n7dqgUOCxMiw+hw=,oE797VX++YxFFREGxxaqfSSGyhU=
-14,2,pSM+8YQYV987n7dqgUOCxMiw+hw=,oE797VX++YxFFREGxxaqfSSGyhU=
-15,1,pSM+8YQYV987n7dqgUOCxMiw+hw=,oE797VX++YxFFREGxxaqfSSGyhU=
-1,10,pSM+8YQYV987n7dqgUOCxMiw+hw=,oE797VX++YxFFREGxxaqfSSGyhU=
-7,12,pSM+8YQYV987n7dqgUOCxMiw+hw=,oE797VX++YxFFREGxxaqfSSGyhU=
-2,10,pSM+8YQYV987n7dqgUOCxMiw+hw=,oE797VX++YxFFREGxxaqfSSGyhU=
-4,10,pSM+8YQYV987n7dqgUOCxMiw+hw=,oE797VX++YxFFREGxxaqfSSGyhU=
-4,8,pSM+8YQYV987n7dqgUOCxMiw+hw=,oE797VX++YxFFREGxxaqfSSGyhU=
-14,3,pSM+8YQYV987n7dqgUOCxMiw+hw=,oE797VX++YxFFREGxxaqfSSGyhU=
-15,3,pSM+8YQYV987n7dqgUOCxMiw+hw=,oE797VX++YxFFREGxxaqfSSGyhU=
-13,2,pSM+8YQYV987n7dqgUOCxMiw+hw=,oE797VX++YxFFREGxxaqfSSGyhU=
-8,14,pSM+8YQYV987n7dqgUOCxMiw+hw=,oE797VX++YxFFREGxxaqfSSGyhU=
-13,3,pSM+8YQYV987n7dqgUOCxMiw+hw=,oE797VX++YxFFREGxxaqfSSGyhU=
-11,3,pSM+8YQYV987n7dqgUOCxMiw+hw=,oE797VX++YxFFREGxxaqfSSGyhU=
-8,3,pSM+8YQYV987n7dqgUOCxMiw+hw=,oE797VX++YxFFREGxxaqfSSGyhU=
-8,7,pSM+8YQYV987n7dqgUOCxMiw+hw=,oE797VX++YxFFREGxxaqfSSGyhU=
-9,3,pSM+8YQYV987n7dqgUOCxMiw+hw=,oE797VX++YxFFREGxxaqfSSGyhU=
-10,3,pSM+8YQYV987n7dqgUOCxMiw+hw=,oE797VX++YxFFREGxxaqfSSGyhU=
-8,5,pSM+8YQYV987n7dqgUOCxMiw+hw=,oE797VX++YxFFREGxxaqfSSGyhU=
-8,6,pSM+8YQYV987n7dqgUOCxMiw+hw=,oE797VX++YxFFREGxxaqfSSGyhU=
-12,3,pSM+8YQYV987n7dqgUOCxMiw+hw=,oE797VX++YxFFREGxxaqfSSGyhU=
-8,4,pSM+8YQYV987n7dqgUOCxMiw+hw=,oE797VX++YxFFREGxxaqfSSGyhU=
-8,12,pSM+8YQYV987n7dqgUOCxMiw+hw=,oE797VX++YxFFREGxxaqfSSGyhU=
-8,13,pSM+8YQYV987n7dqgUOCxMiw+hw=,oE797VX++YxFFREGxxaqfSSGyhU=
-8,15,pSM+8YQYV987n7dqgUOCxMiw+hw=,oE797VX++YxFFREGxxaqfSSGyhU=
-4,7,pSM+8YQYV987n7dqgUOCxMiw+hw=,oE797VX++YxFFREGxxaqfSSGyhU=
-12,1,pSM+8YQYV987n7dqgUOCxMiw+hw=,oE797VX++YxFFREGxxaqfSSGyhU=
-6,12,pSM+8YQYV987n7dqgUOCxMiw+hw=,oE797VX++YxFFREGxxaqfSSGyhU=
-3,10,pSM+8YQYV987n7dqgUOCxMiw+hw=,oE797VX++YxFFREGxxaqfSSGyhU=
-7,15,pSM+8YQYV987n7dqgUOCxMiw+hw=,oE797VX++YxFFREGxxaqfSSGyhU=
-12,2,pSM+8YQYV987n7dqgUOCxMiw+hw=,oE797VX++YxFFREGxxaqfSSGyhU=
-3,8,pSM+8YQYV987n7dqgUOCxMiw+hw=,oE797VX++YxFFREGxxaqfSSGyhU=
-7,13,pSM+8YQYV987n7dqgUOCxMiw+hw=,oE797VX++YxFFREGxxaqfSSGyhU=
-2,7,pSM+8YQYV987n7dqgUOCxMiw+hw=,oE797VX++YxFFREGxxaqfSSGyhU=
-6,14,pSM+8YQYV987n7dqgUOCxMiw+hw=,oE797VX++YxFFREGxxaqfSSGyhU=
-7,14,pSM+8YQYV987n7dqgUOCxMiw+hw=,oE797VX++YxFFREGxxaqfSSGyhU=
-1,15,pSM+8YQYV987n7dqgUOCxMiw+hw=,oE797VX++YxFFREGxxaqfSSGyhU=
-2,9,pSM+8YQYV987n7dqgUOCxMiw+hw=,oE797VX++YxFFREGxxaqfSSGyhU=
-1,9,pSM+8YQYV987n7dqgUOCxMiw+hw=,oE797VX++YxFFREGxxaqfSSGyhU=
-16,1,pSM+8YQYV987n7dqgUOCxMiw+hw=,oE797VX++YxFFREGxxaqfSSGyhU=
-3,7,pSM+8YQYV987n7dqgUOCxMiw+hw=,oE797VX++YxFFREGxxaqfSSGyhU=
-16,2,pSM+8YQYV987n7dqgUOCxMiw+hw=,oE797VX++YxFFREGxxaqfSSGyhU=
-6,13,pSM+8YQYV987n7dqgUOCxMiw+hw=,oE797VX++YxFFREGxxaqfSSGyhU=
-2,8,pSM+8YQYV987n7dqgUOCxMiw+hw=,oE797VX++YxFFREGxxaqfSSGyhU=
-16,3,pSM+8YQYV987n7dqgUOCxMiw+hw=,oE797VX++YxFFREGxxaqfSSGyhU=
-14,0,pSM+8YQYV987n7dqgUOCxMiw+hw=,oE797VX++YxFFREGxxaqfSSGyhU=
-3,9,pSM+8YQYV987n7dqgUOCxMiw+hw=,oE797VX++YxFFREGxxaqfSSGyhU=
-13,0,pSM+8YQYV987n7dqgUOCxMiw+hw=,oE797VX++YxFFREGxxaqfSSGyhU=
-15,0,pSM+8YQYV987n7dqgUOCxMiw+hw=,oE797VX++YxFFREGxxaqfSSGyhU=
-1,8,pSM+8YQYV987n7dqgUOCxMiw+hw=,oE797VX++YxFFREGxxaqfSSGyhU=
-6,15,pSM+8YQYV987n7dqgUOCxMiw+hw=,oE797VX++YxFFREGxxaqfSSGyhU=
-3,0,pSM+8YQYV987n7dqgUOCxMiw+hw=,oE797VX++YxFFREGxxaqfSSGyhU=
-1,2,pSM+8YQYV987n7dqgUOCxMiw+hw=,oE797VX++YxFFREGxxaqfSSGyhU=
-1,1,pSM+8YQYV987n7dqgUOCxMiw+hw=,oE797VX++YxFFREGxxaqfSSGyhU=
-2,0,pSM+8YQYV987n7dqgUOCxMiw+hw=,oE797VX++YxFFREGxxaqfSSGyhU=
-3,14,pSM+8YQYV987n7dqgUOCxMiw+hw=,oE797VX++YxFFREGxxaqfSSGyhU=
-3,15,pSM+8YQYV987n7dqgUOCxMiw+hw=,oE797VX++YxFFREGxxaqfSSGyhU=
-4,12,pSM+8YQYV987n7dqgUOCxMiw+hw=,oE797VX++YxFFREGxxaqfSSGyhU=
-3,12,pSM+8YQYV987n7dqgUOCxMiw+hw=,oE797VX++YxFFREGxxaqfSSGyhU=
-1,13,pSM+8YQYV987n7dqgUOCxMiw+hw=,oE797VX++YxFFREGxxaqfSSGyhU=
-16,0,pSM+8YQYV987n7dqgUOCxMiw+hw=,oE797VX++YxFFREGxxaqfSSGyhU=
-4,14,pSM+8YQYV987n7dqgUOCxMiw+hw=,oE797VX++YxFFREGxxaqfSSGyhU=
-2,15,pSM+8YQYV987n7dqgUOCxMiw+hw=,oE797VX++YxFFREGxxaqfSSGyhU=
-2,13,pSM+8YQYV987n7dqgUOCxMiw+hw=,oE797VX++YxFFREGxxaqfSSGyhU=
-5,15,pSM+8YQYV987n7dqgUOCxMiw+hw=,oE797VX++YxFFREGxxaqfSSGyhU=
-1,3,pSM+8YQYV987n7dqgUOCxMiw+hw=,oE797VX++YxFFREGxxaqfSSGyhU=
-7,0,pSM+8YQYV987n7dqgUOCxMiw+hw=,oE797VX++YxFFREGxxaqfSSGyhU=
-8,0,pSM+8YQYV987n7dqgUOCxMiw+hw=,oE797VX++YxFFREGxxaqfSSGyhU=
-1,14,pSM+8YQYV987n7dqgUOCxMiw+hw=,oE797VX++YxFFREGxxaqfSSGyhU=
-1,11,pSM+8YQYV987n7dqgUOCxMiw+hw=,oE797VX++YxFFREGxxaqfSSGyhU=
-4,11,pSM+8YQYV987n7dqgUOCxMiw+hw=,oE797VX++YxFFREGxxaqfSSGyhU=
-5,13,pSM+8YQYV987n7dqgUOCxMiw+hw=,oE797VX++YxFFREGxxaqfSSGyhU=
-1,5,pSM+8YQYV987n7dqgUOCxMiw+hw=,oE797VX++YxFFREGxxaqfSSGyhU=
-12,0,pSM+8YQYV987n7dqgUOCxMiw+hw=,oE797VX++YxFFREGxxaqfSSGyhU=
-1,6,pSM+8YQYV987n7dqgUOCxMiw+hw=,oE797VX++YxFFREGxxaqfSSGyhU=
-1,0,pSM+8YQYV987n7dqgUOCxMiw+hw=,oE797VX++YxFFREGxxaqfSSGyhU=
-2,11,pSM+8YQYV987n7dqgUOCxMiw+hw=,oE797VX++YxFFREGxxaqfSSGyhU=
-2,12,pSM+8YQYV987n7dqgUOCxMiw+hw=,oE797VX++YxFFREGxxaqfSSGyhU=
-1,4,pSM+8YQYV987n7dqgUOCxMiw+hw=,oE797VX++YxFFREGxxaqfSSGyhU=
-3,11,pSM+8YQYV987n7dqgUOCxMiw+hw=,oE797VX++YxFFREGxxaqfSSGyhU=
-4,15,pSM+8YQYV987n7dqgUOCxMiw+hw=,oE797VX++YxFFREGxxaqfSSGyhU=
-5,12,pSM+8YQYV987n7dqgUOCxMiw+hw=,oE797VX++YxFFREGxxaqfSSGyhU=
-3,13,pSM+8YQYV987n7dqgUOCxMiw+hw=,oE797VX++YxFFREGxxaqfSSGyhU=
-5,14,pSM+8YQYV987n7dqgUOCxMiw+hw=,oE797VX++YxFFREGxxaqfSSGyhU=
-4,13,pSM+8YQYV987n7dqgUOCxMiw+hw=,oE797VX++YxFFREGxxaqfSSGyhU=
-1,12,pSM+8YQYV987n7dqgUOCxMiw+hw=,oE797VX++YxFFREGxxaqfSSGyhU=
-2,14,pSM+8YQYV987n7dqgUOCxMiw+hw=,oE797VX++YxFFREGxxaqfSSGyhU=
-1,7,pSM+8YQYV987n7dqgUOCxMiw+hw=,oE797VX++YxFFREGxxaqfSSGyhU=
-6,0,pSM+8YQYV987n7dqgUOCxMiw+hw=,oE797VX++YxFFREGxxaqfSSGyhU=
-4,0,pSM+8YQYV987n7dqgUOCxMiw+hw=,oE797VX++YxFFREGxxaqfSSGyhU=
-5,0,pSM+8YQYV987n7dqgUOCxMiw+hw=,oE797VX++YxFFREGxxaqfSSGyhU=
-9,0,pSM+8YQYV987n7dqgUOCxMiw+hw=,oE797VX++YxFFREGxxaqfSSGyhU=
-20,27,VKnBZI9vdym58zgwH+8ARnEKVSI=,oE797VX++YxFFREGxxaqfSSGyhU=
-17,25,VKnBZI9vdym58zgwH+8ARnEKVSI=,oE797VX++YxFFREGxxaqfSSGyhU=
-19,27,VKnBZI9vdym58zgwH+8ARnEKVSI=,oE797VX++YxFFREGxxaqfSSGyhU=
-20,26,VKnBZI9vdym58zgwH+8ARnEKVSI=,oE797VX++YxFFREGxxaqfSSGyhU=
-18,26,VKnBZI9vdym58zgwH+8ARnEKVSI=,oE797VX++YxFFREGxxaqfSSGyhU=
-19,26,VKnBZI9vdym58zgwH+8ARnEKVSI=,oE797VX++YxFFREGxxaqfSSGyhU=
-18,27,VKnBZI9vdym58zgwH+8ARnEKVSI=,oE797VX++YxFFREGxxaqfSSGyhU=
-17,27,VKnBZI9vdym58zgwH+8ARnEKVSI=,oE797VX++YxFFREGxxaqfSSGyhU=
-17,26,VKnBZI9vdym58zgwH+8ARnEKVSI=,oE797VX++YxFFREGxxaqfSSGyhU=
-18,25,VKnBZI9vdym58zgwH+8ARnEKVSI=,oE797VX++YxFFREGxxaqfSSGyhU=
-19,25,VKnBZI9vdym58zgwH+8ARnEKVSI=,oE797VX++YxFFREGxxaqfSSGyhU=
-18,24,VKnBZI9vdym58zgwH+8ARnEKVSI=,oE797VX++YxFFREGxxaqfSSGyhU=
-20,25,VKnBZI9vdym58zgwH+8ARnEKVSI=,oE797VX++YxFFREGxxaqfSSGyhU=
-18,20,VKnBZI9vdym58zgwH+8ARnEKVSI=,oE797VX++YxFFREGxxaqfSSGyhU=
-18,23,VKnBZI9vdym58zgwH+8ARnEKVSI=,oE797VX++YxFFREGxxaqfSSGyhU=
-18,21,VKnBZI9vdym58zgwH+8ARnEKVSI=,oE797VX++YxFFREGxxaqfSSGyhU=
-20,20,VKnBZI9vdym58zgwH+8ARnEKVSI=,oE797VX++YxFFREGxxaqfSSGyhU=
-19,23,VKnBZI9vdym58zgwH+8ARnEKVSI=,oE797VX++YxFFREGxxaqfSSGyhU=
-20,23,VKnBZI9vdym58zgwH+8ARnEKVSI=,oE797VX++YxFFREGxxaqfSSGyhU=
-19,20,VKnBZI9vdym58zgwH+8ARnEKVSI=,oE797VX++YxFFREGxxaqfSSGyhU=
-18,22,VKnBZI9vdym58zgwH+8ARnEKVSI=,oE797VX++YxFFREGxxaqfSSGyhU=
-20,21,VKnBZI9vdym58zgwH+8ARnEKVSI=,oE797VX++YxFFREGxxaqfSSGyhU=
-19,22,VKnBZI9vdym58zgwH+8ARnEKVSI=,oE797VX++YxFFREGxxaqfSSGyhU=
-20,22,VKnBZI9vdym58zgwH+8ARnEKVSI=,oE797VX++YxFFREGxxaqfSSGyhU=
-17,21,VKnBZI9vdym58zgwH+8ARnEKVSI=,oE797VX++YxFFREGxxaqfSSGyhU=
-19,21,VKnBZI9vdym58zgwH+8ARnEKVSI=,oE797VX++YxFFREGxxaqfSSGyhU=
-17,20,VKnBZI9vdym58zgwH+8ARnEKVSI=,oE797VX++YxFFREGxxaqfSSGyhU=
-20,24,VKnBZI9vdym58zgwH+8ARnEKVSI=,oE797VX++YxFFREGxxaqfSSGyhU=
-19,24,VKnBZI9vdym58zgwH+8ARnEKVSI=,oE797VX++YxFFREGxxaqfSSGyhU=
-17,22,VKnBZI9vdym58zgwH+8ARnEKVSI=,oE797VX++YxFFREGxxaqfSSGyhU=
-17,24,VKnBZI9vdym58zgwH+8ARnEKVSI=,oE797VX++YxFFREGxxaqfSSGyhU=
-17,23,VKnBZI9vdym58zgwH+8ARnEKVSI=,oE797VX++YxFFREGxxaqfSSGyhU=
