12,9,VKnBZI9vdym58zgwH+8ARnEKVSI=,oE797VX++YxFFREGxxaqfSSGyhU=
12,13,VKnBZI9vdym58zgwH+8ARnEKVSI=,oE797VX++YxFFREGxxaqfSSGyhU=
11,9,VKnBZI9vdym58zgwH+8ARnEKVSI=,oE797VX++YxFFREGxxaqfSSGyhU=
10,9,VKnBZI9vdym58zgwH+8ARnEKVSI=,oE797VX++YxFFREGxxaqfSSGyhU=
9,9,VKnBZI9vdym58zgwH+8ARnEKVSI=,oE797VX++YxFFREGxxaqfSSGyhU=
11,13,VKnBZI9vdym58zgwH+8ARnEKVSI=,oE797VX++YxFFREGxxaqfSSGyhU=
10,13,VKnBZI9vdym58zgwH+8ARnEKVSI=,oE797VX++YxFFREGxxaqfSSGyhU=
11,10,VKnBZI9vdym58zgwH+8ARnEKVSI=,oE797VX++YxFFREGxxaqfSSGyhU=
9,13,VKnBZI9vdym58zgwH+8ARnEKVSI=,oE797VX++YxFFREGxxaqfSSGyhU=
13,9,VKnBZI9vdym58zgwH+8ARnEKVSI=,oE797VX++YxFFREGxxaqfSSGyhU=
14,12,VKnBZI9vdym58zgwH+8ARnEKVSI=,oE797VX++YxFFREGxxaqfSSGyhU=
10,10,VKnBZI9vdym58zgwH+8ARnEKVSI=,oE797VX++YxFFREGxxaqfSSGyhU=
11,11,VKnBZI9vdym58zgwH+8ARnEKVSI=,oE797VX++YxFFREGxxaqfSSGyhU=
12,12,VKnBZI9vdym58zgwH+8ARnEKVSI=,oE797VX++YxFFREGxxaqfSSGyhU=
11,12,VKnBZI9vdym58zgwH+8ARnEKVSI=,oE797VX++YxFFREGxxaqfSSGyhU=
10,12,VKnBZI9vdym58zgwH+8ARnEKVSI=,oE797VX++YxFFREGxxaqfSSGyhU=
13,12,VKnBZI9vdym58zgwH+8ARnEKVSI=,oE797VX++YxFFREGxxaqfSSGyhU=
10,11,VKnBZI9vdym58zgwH+8ARnEKVSI=,oE797VX++YxFFREGxxaqfSSGyhU=
14,9,VKnBZI9vdym58zgwH+8ARnEKVSI=,oE797VX++YxFFREGxxaqfSSGyhU=
9,12,VKnBZI9vdym58zgwH+8ARnEKVSI=,oE797VX++YxFFREGxxaqfSSGyhU=
11,14,VKnBZI9vdym58zgwH+8ARnEKVSI=,oE797VX++YxFFREGxxaqfSSGyhU=
14,11,VKnBZI9vdym58zgwH+8ARnEKVSI=,oE797VX++YxFFREGxxaqfSSGyhU=
9,11,VKnBZI9vdym58zgwH+8ARnEKVSI=,oE797VX++YxFFREGxxaqfSSGyhU=
9,10,VKnBZI9vdym58zgwH+8ARnEKVSI=,oE797VX++YxFFREGxxaqfSSGyhU=
14,10,VKnBZI9vdym58zgwH+8ARnEKVSI=,oE797VX++YxFFREGxxaqfSSGyhU=
13,10,VKnBZI9vdym58zgwH+8ARnEKVSI=,oE797VX++YxFFREGxxaqfSSGyhU=
13,11,VKnBZI9vdym58zgwH+8ARnEKVSI=,oE797VX++YxFFREGxxaqfSSGyhU=
10,14,VKnBZI9vdym58zgwH+8ARnEKVSI=,oE797VX++YxFFREGxxaqfSSGyhU=
14,14,VKnBZI9vdym58zgwH+8ARnEKVSI=,oE797VX++YxFFREGxxaqfSSGyhU=
12,14,VKnBZI9vdym58zgwH+8ARnEKVSI=,oE797VX++YxFFREGxxaqfSSGyhU=
12,11,VKnBZI9vdym58zgwH+8ARnEKVSI=,oE797VX++YxFFREGxxaqfSSGyhU=
13,14,VKnBZI9vdym58zgwH+8ARnEKVSI=,oE797VX++YxFFREGxxaqfSSGyhU=
9,14,VKnBZI9vdym58zgwH+8ARnEKVSI=,oE797VX++YxFFREGxxaqfSSGyhU=
13,13,VKnBZI9vdym58zgwH+8ARnEKVSI=,oE797VX++YxFFREGxxaqfSSGyhU=
11,5,VKnBZI9vdym58zgwH+8ARnEKVSI=,oE797VX++YxFFREGxxaqfSSGyhU=
11,4,VKnBZI9vdym58zgwH+8ARnEKVSI=,oE797VX++YxFFREGxxaqfSSGyhU=
14,13,VKnBZI9vdym58zgwH+8ARnEKVSI=,oE797VX++YxFFREGxxaqfSSGyhU=
11,3,VKnBZI9vdym58zgwH+8ARnEKVSI=,oE797VX++YxFFREGxxaqfSSGyhU=
8,6,VKnBZI9vdym58zgwH+8ARnEKVSI=,oE797VX++YxFFREGxxaqfSSGyhU=
10,5,VKnBZI9vdym58zgwH+8ARnEKVSI=,oE797VX++YxFFREGxxaqfSSGyhU=
12,10,VKnBZI9vdym58zgwH+8ARnEKVSI=,oE797VX++YxFFREGxxaqfSSGyhU=
13,8,VKnBZI9vdym58zgwH+8ARnEKVSI=,oE797VX++YxFFREGxxaqfSSGyhU=
10,3,VKnBZI9vdym58zgwH+8ARnEKVSI=,oE797VX++YxFFREGxxaqfSSGyhU=
9,3,VKnBZI9vdym58zgwH+8ARnEKVSI=,oE797VX++YxFFREGxxaqfSSGyhU=
13,2,VKnBZI9vdym58zgwH+8ARnEKVSI=,oE797VX++YxFFREGxxaqfSSGyhU=
14,8,VKnBZI9vdym58zgwH+8ARnEKVSI=,oE797VX++YxFFREGxxaqfSSGyhU=
14,5,VKnBZI9vdym58zgwH+8ARnEKVSI=,oE797VX++YxFFREGxxaqfSSGyhU=
14,2,VKnBZI9vdym58zgwH+8ARnEKVSI=,oE797VX++YxFFREGxxaqfSSGyhU=
10,4,VKnBZI9vdym58zgwH+8ARnEKVSI=,oE797VX++YxFFREGxxaqfSSGyhU=
9,5,VKnBZI9vdym58zgwH+8ARnEKVSI=,oE797VX++YxFFREGxxaqfSSGyhU=
6,3,VKnBZI9vdym58zgwH+8ARnEKVSI=,oE797VX++YxFFREGxxaqfSSGyhU=
9,2,VKnBZI9vdym58zgwH+8ARnEKVSI=,oE797VX++YxFFREGxxaqfSSGyhU=
8,3,VKnBZI9vdym58zgwH+8ARnEKVSI=,oE797VX++YxFFREGxxaqfSSGyhU=
12,2,VKnBZI9vdym58zgwH+8ARnEKVSI=,oE797VX++YxFFREGxxaqfSSGyhU=
11,1,VKnBZI9vdym58zgwH+8ARnEKVSI=,oE797VX++YxFFREGxxaqfSSGyhU=
10,2,VKnBZI9vdym58zgwH+8ARnEKVSI=,oE797VX++YxFFREGxxaqfSSGyhU=
4,4,VKnBZI9vdym58zgwH+8ARnEKVSI=,oE797VX++YxFFREGxxaqfSSGyhU=
7,3,VKnBZI9vdym58zgwH+8ARnEKVSI=,oE797VX++YxFFREGxxaqfSSGyhU=
9,4,VKnBZI9vdym58zgwH+8ARnEKVSI=,oE797VX++YxFFREGxxaqfSSGyhU=
11,2,VKnBZI9vdym58zgwH+8ARnEKVSI=,oE797VX++YxFFREGxxaqfSSGyhU=
13,5,VKnBZI9vdym58zgwH+8ARnEKVSI=,oE797VX++YxFFREGxxaqfSSGyhU=
5,3,VKnBZI9vdym58zgwH+8ARnEKVSI=,oE797VX++YxFFREGxxaqfSSGyhU=
14,1,VKnBZI9vdym58zgwH+8ARnEKVSI=,oE797VX++YxFFREGxxaqfSSGyhU=
14,4,VKnBZI9vdym58zgwH+8ARnEKVSI=,oE797VX++YxFFREGxxaqfSSGyhU=
5,6,VKnBZI9vdym58zgwH+8ARnEKVSI=,oE797VX++YxFFREGxxaqfSSGyhU=
12,8,VKnBZI9vdym58zgwH+8ARnEKVSI=,oE797VX++YxFFREGxxaqfSSGyhU=
13,1,VKnBZI9vdym58zgwH+8ARnEKVSI=,oE797VX++YxFFREGxxaqfSSGyhU=
14,3,VKnBZI9vdym58zgwH+8ARnEKVSI=,oE797VX++YxFFREGxxaqfSSGyhU=
13,4,VKnBZI9vdym58zgwH+8ARnEKVSI=,oE797VX++YxFFREGxxaqfSSGyhU=
10,1,VKnBZI9vdym58zgwH+8ARnEKVSI=,oE797VX++YxFFREGxxaqfSSGyhU=
12,3,VKnBZI9vdym58zgwH+8ARnEKVSI=,oE797VX++YxFFREGxxaqfSSGyhU=
13,3,VKnBZI9vdym58zgwH+8ARnEKVSI=,oE797VX++YxFFREGxxaqfSSGyhU=
10,8,VKnBZI9vdym58zgwH+8ARnEKVSI=,oE797VX++YxFFREGxxaqfSSGyhU=
12,5,VKnBZI9vdym58zgwH+8ARnEKVSI=,oE797VX++YxFFREGxxaqfSSGyhU=
10,6,VKnBZI9vdym58zgwH+8ARnEKVSI=,oE797VX++YxFFREGxxaqfSSGyhU=
12,1,VKnBZI9vdym58zgwH+8ARnEKVSI=,oE797VX++YxFFREGxxaqfSSGyhU=
9,6,VKnBZI9vdym58zgwH+8ARnEKVSI=,oE797VX++YxFFREGxxaqfSSGyhU=
8,5,VKnBZI9vdym58zgwH+8ARnEKVSI=,oE797VX++YxFFREGxxaqfSSGyhU=
11,8,VKnBZI9vdym58zgwH+8ARnEKVSI=,oE797VX++YxFFREGxxaqfSSGyhU=
12,4,VKnBZI9vdym58zgwH+8ARnEKVSI=,oE797VX++YxFFREGxxaqfSSGyhU=
9,8,VKnBZI9vdym58zgwH+8ARnEKVSI=,oE797VX++YxFFREGxxaqfSSGyhU=
11,6,VKnBZI9vdym58zgwH+8ARnEKVSI=,oE797VX++YxFFREGxxaqfSSGyhU=
12,6,VKnBZI9vdym58zgwH+8ARnEKVSI=,oE797VX++YxFFREGxxaqfSSGyhU=
9,1,VKnBZI9vdym58zgwH+8ARnEKVSI=,oE797VX++YxFFREGxxaqfSSGyhU=
14,6,VKnBZI9vdym58zgwH+8ARnEKVSI=,oE797VX++YxFFREGxxaqfSSGyhU=
13,6,VKnBZI9vdym58zgwH+8ARnEKVSI=,oE797VX++YxFFREGxxaqfSSGyhU=
3,4,VKnBZI9vdym58zgwH+8ARnEKVSI=,oE797VX++YxFFREGxxaqfSSGyhU=
9,7,VKnBZI9vdym58zgwH+8ARnEKVSI=,oE797VX++YxFFREGxxaqfSSGyhU=
11,7,VKnBZI9vdym58zgwH+8ARnEKVSI=,oE797VX++YxFFREGxxaqfSSGyhU=
6,6,VKnBZI9vdym58zgwH+8ARnEKVSI=,oE797VX++YxFFREGxxaqfSSGyhU=
10,7,VKnBZI9vdym58zgwH+8ARnEKVSI=,oE797VX++YxFFREGxxaqfSSGyhU=
12,7,VKnBZI9vdym58zgwH+8ARnEKVSI=,oE797VX++YxFFREGxxaqfSSGyhU=
8,2,VKnBZI9vdym58zgwH+8ARnEKVSI=,oE797VX++YxFFREGxxaqfSSGyhU=
1,3,VKnBZI9vdym58zgwH+8ARnEKVSI=,oE797VX++YxFFREGxxaqfSSGyhU=
2,5,VKnBZI9vdym58zgwH+8ARnEKVSI=,oE797VX++YxFFREGxxaqfSSGyhU=
13,7,VKnBZI9vdym58zgwH+8ARnEKVSI=,oE797VX++YxFFREGxxaqfSSGyhU=
3,1,VKnBZI9vdym58zgwH+8ARnEKVSI=,oE797VX++YxFFREGxxaqfSSGyhU=
4,6,VKnBZI9vdym58zgwH+8ARnEKVSI=,oE797VX++YxFFREGxxaqfSSGyhU=
2,4,VKnBZI9vdym58zgwH+8ARnEKVSI=,oE797VX++YxFFREGxxaqfSSGyhU=
7,1,VKnBZI9vdym58zgwH+8ARnEKVSI=,oE797VX++YxFFREGxxaqfSSGyhU=
1,5,VKnBZI9vdym58zgwH+8ARnEKVSI=,oE797VX++YxFFREGxxaqfSSGyhU=
1,4,VKnBZI9vdym58zgwH+8ARnEKVSI=,oE797VX++YxFFREGxxaqfSSGyhU=
3,3,VKnBZI9vdym58zgwH+8ARnEKVSI=,oE797VX++YxFFREGxxaqfSSGyhU=
4,3,VKnBZI9vdym58zgwH+8ARnEKVSI=,oE797VX++YxFFREGxxaqfSSGyhU=
6,4,VKnBZI9vdym58zgwH+8ARnEKVSI=,oE797VX++YxFFREGxxaqfSSGyhU=
1,2,VKnBZI9vdym58zgwH+8ARnEKVSI=,oE797VX++YxFFREGxxaqfSSGyhU=
3,6,VKnBZI9vdym58zgwH+8ARnEKVSI=,oE797VX++YxFFREGxxaqfSSGyhU=
7,4,VKnBZI9vdym58zgwH+8ARnEKVSI=,oE797VX++YxFFREGxxaqfSSGyhU=
1,1,VKnBZI9vdym58zgwH+8ARnEKVSI=,oE797VX++YxFFREGxxaqfSSGyhU=
8,1,VKnBZI9vdym58zgwH+8ARnEKVSI=,oE797VX++YxFFREGxxaqfSSGyhU=
6,1,VKnBZI9vdym58zgwH+8ARnEKVSI=,oE797VX++YxFFREGxxaqfSSGyhU=
7,2,VKnBZI9vdym58zgwH+8ARnEKVSI=,oE797VX++YxFFREGxxaqfSSGyhU=
6,2,VKnBZI9vdym58zgwH+8ARnEKVSI=,oE797VX++YxFFREGxxaqfSSGyhU=
5,5,VKnBZI9vdym58zgwH+8ARnEKVSI=,oE797VX++YxFFREGxxaqfSSGyhU=
8,4,VKnBZI9vdym58zgwH+8ARnEKVSI=,oE797VX++YxFFREGxxaqfSSGyhU=
2,6,VKnBZI9vdym58zgwH+8ARnEKVSI=,oE797VX++YxFFREGxxaqfSSGyhU=
4,5,VKnBZI9vdym58zgwH+8ARnEKVSI=,oE797VX++YxFFREGxxaqfSSGyhU=
3,5,VKnBZI9vdym58zgwH+8ARnEKVSI=,oE797VX++YxFFREGxxaqfSSGyhU=
7,6,VKnBZI9vdym58zgwH+8ARnEKVSI=,oE797VX++YxFFREGxxaqfSSGyhU=
5,4,VKnBZI9vdym58zgwH+8ARnEKVSI=,oE797VX++YxFFREGxxaqfSSGyhU=
2,3,VKnBZI9vdym58zgwH+8ARnEKVSI=,oE797VX++YxFFREGxxaqfSSGyhU=
5,1,VKnBZI9vdym58zgwH+8ARnEKVSI=,oE797VX++YxFFREGxxaqfSSGyhU=
4,2,VKnBZI9vdym58zgwH+8ARnEKVSI=,oE797VX++YxFFREGxxaqfSSGyhU=
5,2,VKnBZI9vdym58zgwH+8ARnEKVSI=,oE797VX++YxFFREGxxaqfSSGyhU=
1,6,VKnBZI9vdym58zgwH+8ARnEKVSI=,oE797VX++YxFFREGxxaqfSSGyhU=
2,1,VKnBZI9vdym58zgwH+8ARnEKVSI=,oE797VX++YxFFREGxxaqfSSGyhU=
6,5,VKnBZI9vdym58zgwH+8ARnEKVSI=,oE797VX++YxFFREGxxaqfSSGyhU=
2,2,VKnBZI9vdym58zgwH+8ARnEKVSI=,oE797VX++YxFFREGxxaqfSSGyhU=
7,5,VKnBZI9vdym58zgwH+8ARnEKVSI=,oE797VX++YxFFREGxxaqfSSGyhU=
4,1,VKnBZI9vdym58zgwH+8ARnEKVSI=,oE797VX++YxFFREGxxaqfSSGyhU=
3,2,VKnBZI9vdym58zgwH+8ARnEKVSI=,oE797VX++YxFFREGxxaqfSSGyhU=
12,0,VKnBZI9vdym58zgwH+8ARnEKVSI=,oE797VX++YxFFREGxxaqfSSGyhU=
8,7,VKnBZI9vdym58zgwH+8ARnEKVSI=,oE797VX++YxFFREGxxaqfSSGyhU=
3,9,VKnBZI9vdym58zgwH+8ARnEKVSI=,oE797VX++YxFFREGxxaqfSSGyhU=
3,15,VKnBZI9vdym58zgwH+8ARnEKVSI=,oE797VX++YxFFREGxxaqfSSGyhU=
2,10,VKnBZI9vdym58zgwH+8ARnEKVSI=,oE797VX++YxFFREGxxaqfSSGyhU=
11,0,VKnBZI9vdym58zgwH+8ARnEKVSI=,oE797VX++YxFFREGxxaqfSSGyhU=
4,7,VKnBZI9vdym58zgwH+8ARnEKVSI=,oE797VX++YxFFREGxxaqfSSGyhU=
3,13,VKnBZI9vdym58zgwH+8ARnEKVSI=,oE797VX++YxFFREGxxaqfSSGyhU=
3,8,VKnBZI9vdym58zgwH+8ARnEKVSI=,oE797VX++YxFFREGxxaqfSSGyhU=
10,0,VKnBZI9vdym58zgwH+8ARnEKVSI=,oE797VX++YxFFREGxxaqfSSGyhU=
4,8,VKnBZI9vdym58zgwH+8ARnEKVSI=,oE797VX++YxFFREGxxaqfSSGyhU=
13,0,VKnBZI9vdym58zgwH+8ARnEKVSI=,oE797VX++YxFFREGxxaqfSSGyhU=
3,10,VKnBZI9vdym58zgwH+8ARnEKVSI=,oE797VX++YxFFREGxxaqfSSGyhU=
8,13,VKnBZI9vdym58zgwH+8ARnEKVSI=,oE797VX++YxFFREGxxaqfSSGyhU=
8,9,VKnBZI9vdym58zgwH+8ARnEKVSI=,oE797VX++YxFFREGxxaqfSSGyhU=
3,11,VKnBZI9vdym58zgwH+8ARnEKVSI=,oE797VX++YxFFREGxxaqfSSGyhU=
7,7,VKnBZI9vdym58zgwH+8ARnEKVSI=,oE797VX++YxFFREGxxaqfSSGyhU=
14,0,VKnBZI9vdym58zgwH+8ARnEKVSI=,oE797VX++YxFFREGxxaqfSSGyhU=
3,14,VKnBZI9vdym58zgwH+8ARnEKVSI=,oE797VX++YxFFREGxxaqfSSGyhU=
9,0,VKnBZI9vdym58zgwH+8ARnEKVSI=,oE797VX++YxFFREGxxaqfSSGyhU=
2,14,VKnBZI9vdym58zgwH+8ARnEKVSI=,oE797VX++YxFFREGxxaqfSSGyhU=
1,11,VKnBZI9vdym58zgwH+8ARnEKVSI=,oE797VX++YxFFREGxxaqfSSGyhU=
2,8,VKnBZI9vdym58zgwH+8ARnEKVSI=,oE797VX++YxFFREGxxaqfSSGyhU=
2,11,VKnBZI9vdym58zgwH+8ARnEKVSI=,oE797VX++YxFFREGxxaqfSSGyhU=
1,14,VKnBZI9vdym58zgwH+8ARnEKVSI=,oE797VX++YxFFREGxxaqfSSGyhU=
1,8,VKnBZI9vdym58zgwH+8ARnEKVSI=,oE797VX++YxFFREGxxaqfSSGyhU=
4,9,VKnBZI9vdym58zgwH+8ARnEKVSI=,oE797VX++YxFFREGxxaqfSSGyhU=
8,10,VKnBZI9vdym58zgwH+8ARnEKVSI=,oE797VX++YxFFREGxxaqfSSGyhU=
2,13,VKnBZI9vdym58zgwH+8ARnEKVSI=,oE797VX++YxFFREGxxaqfSSGyhU=
2,15,VKnBZI9vdym58zgwH+8ARnEKVSI=,oE797VX++YxFFREGxxaqfSSGyhU=
8,8,VKnBZI9vdym58zgwH+8ARnEKVSI=,oE797VX++YxFFREGxxaqfSSGyhU=
6,10,VKnBZI9vdym58zgwH+8ARnEKVSI=,oE797VX++YxFFREGxxaqfSSGyhU=
3,7,VKnBZI9vdym58zgwH+8ARnEKVSI=,oE797VX++YxFFREGxxaqfSSGyhU=
7,11,VKnBZI9vdym58zgwH+8ARnEKVSI=,oE797VX++YxFFREGxxaqfSSGyhU=
6,15,VKnBZI9vdym58zgwH+8ARnEKVSI=,oE797VX++YxFFREGxxaqfSSGyhU=
6,12,VKnBZI9vdym58zgwH+8ARnEKVSI=,oE797VX++YxFFREGxxaqfSSGyhU=
1,13,VKnBZI9vdym58zgwH+8ARnEKVSI=,oE797VX++YxFFREGxxaqfSSGyhU=
8,12,VKnBZI9vdym58zgwH+8ARnEKVSI=,oE797VX++YxFFREGxxaqfSSGyhU=
5,10,VKnBZI9vdym58zgwH+8ARnEKVSI=,oE797VX++YxFFREGxxaqfSSGyhU=
5,15,VKnBZI9vdym58zgwH+8ARnEKVSI=,oE797VX++YxFFREGxxaqfSSGyhU=
1,10,VKnBZI9vdym58zgwH+8ARnEKVSI=,oE797VX++YxFFREGxxaqfSSGyhU=
7,10,VKnBZI9vdym58zgwH+8ARnEKVSI=,oE797VX++YxFFREGxxaqfSSGyhU=
7,13,VKnBZI9vdym58zgwH+8ARnEKVSI=,oE797VX++YxFFREGxxaqfSSGyhU=
4,15,VKnBZI9vdym58zgwH+8ARnEKVSI=,oE797VX++YxFFREGxxaqfSSGyhU=
8,11,VKnBZI9vdym58zgwH+8ARnEKVSI=,oE797VX++YxFFREGxxaqfSSGyhU=
1,15,VKnBZI9vdym58zgwH+8ARnEKVSI=,oE797VX++YxFFREGxxaqfSSGyhU=
7,12,VKnBZI9vdym58zgwH+8ARnEKVSI=,oE797VX++YxFFREGxxaqfSSGyhU=
5,12,VKnBZI9vdym58zgwH+8ARnEKVSI=,oE797VX++YxFFREGxxaqfSSGyhU=
2,7,VKnBZI9vdym58zgwH+8ARnEKVSI=,oE797VX++YxFFREGxxaqfSSGyhU=
2,9,VKnBZI9vdym58zgwH+8ARnEKVSI=,oE797VX++YxFFREGxxaqfSSGyhU=
4,12,VKnBZI9vdym58zgwH+8ARnEKVSI=,oE797VX++YxFFREGxxaqfSSGyhU=
5,7,VKnBZI9vdym58zgwH+8ARnEKVSI=,oE797VX++YxFFREGxxaqfSSGyhU=
6,13,VKnBZI9vdym58zgwH+8ARnEKVSI=,oE797VX++YxFFREGxxaqfSSGyhU=
1,9,VKnBZI9vdym58zgwH+8ARnEKVSI=,oE797VX++YxFFREGxxaqfSSGyhU=
5,13,VKnBZI9vdym58zgwH+8ARnEKVSI=,oE797VX++YxFFREGxxaqfSSGyhU=
6,7,VKnBZI9vdym58zgwH+8ARnEKVSI=,oE797VX++YxFFREGxxaqfSSGyhU=
2,12,VKnBZI9vdym58zgwH+8ARnEKVSI=,oE797VX++YxFFREGxxaqfSSGyhU=
7,8,VKnBZI9vdym58zgwH+8ARnEKVSI=,oE797VX++YxFFREGxxaqfSSGyhU=
1,7,VKnBZI9vdym58zgwH+8ARnEKVSI=,oE797VX++YxFFREGxxaqfSSGyhU=
6,14,VKnBZI9vdym58zgwH+8ARnEKVSI=,oE797VX++YxFFREGxxaqfSSGyhU=
7,14,VKnBZI9vdym58zgwH+8ARnEKVSI=,oE797VX++YxFFREGxxaqfSSGyhU=
4,13,VKnBZI9vdym58zgwH+8ARnEKVSI=,oE797VX++YxFFREGxxaqfSSGyhU=
5,11,VKnBZI9vdym58zgwH+8ARnEKVSI=,oE797VX++YxFFREGxxaqfSSGyhU=
5,9,VKnBZI9vdym58zgwH+8ARnEKVSI=,oE797VX++YxFFREGxxaqfSSGyhU=
6,8,VKnBZI9vdym58zgwH+8ARnEKVSI=,oE797VX++YxFFREGxxaqfSSGyhU=
8,14,VKnBZI9vdym58zgwH+8ARnEKVSI=,oE797VX++YxFFREGxxaqfSSGyhU=
7,9,VKnBZI9vdym58zgwH+8ARnEKVSI=,oE797VX++YxFFREGxxaqfSSGyhU=
5,14,VKnBZI9vdym58zgwH+8ARnEKVSI=,oE797VX++YxFFREGxxaqfSSGyhU=
4,10,VKnBZI9vdym58zgwH+8ARnEKVSI=,oE797VX++YxFFREGxxaqfSSGyhU=
4,11,VKnBZI9vdym58zgwH+8ARnEKVSI=,oE797VX++YxFFREGxxaqfSSGyhU=
4,14,VKnBZI9vdym58zgwH+8ARnEKVSI=,oE797VX++YxFFREGxxaqfSSGyhU=
3,12,VKnBZI9vdym58zgwH+8ARnEKVSI=,oE797VX++YxFFREGxxaqfSSGyhU=
6,11,VKnBZI9vdym58zgwH+8ARnEKVSI=,oE797VX++YxFFREGxxaqfSSGyhU=
5,8,VKnBZI9vdym58zgwH+8ARnEKVSI=,oE797VX++YxFFREGxxaqfSSGyhU=
1,12,VKnBZI9vdym58zgwH+8ARnEKVSI=,oE797VX++YxFFREGxxaqfSSGyhU=
6,9,VKnBZI9vdym58zgwH+8ARnEKVSI=,oE797VX++YxFFREGxxaqfSSGyhU=
14,7,VKnBZI9vdym58zgwH+8ARnEKVSI=,oE797VX++YxFFREGxxaqfSSGyhU=
6,0,VKnBZI9vdym58zgwH+8ARnEKVSI=,oE797VX++YxFFREGxxaqfSSGyhU=
3,0,VKnBZI9vdym58zgwH+8ARnEKVSI=,oE797VX++YxFFREGxxaqfSSGyhU=
1,0,VKnBZI9vdym58zgwH+8ARnEKVSI=,oE797VX++YxFFREGxxaqfSSGyhU=
4,0,VKnBZI9vdym58zgwH+8ARnEKVSI=,oE797VX++YxFFREGxxaqfSSGyhU=
5,0,VKnBZI9vdym58zgwH+8ARnEKVSI=,oE797VX++YxFFREGxxaqfSSGyhU=
8,0,VKnBZI9vdym58zgwH+8ARnEKVSI=,oE797VX++YxFFREGxxaqfSSGyhU=
7,0,VKnBZI9vdym58zgwH+8ARnEKVSI=,oE797VX++YxFFREGxxaqfSSGyhU=
11,15,VKnBZI9vdym58zgwH+8ARnEKVSI=,oE797VX++YxFFREGxxaqfSSGyhU=
7,15,VKnBZI9vdym58zgwH+8ARnEKVSI=,oE797VX++YxFFREGxxaqfSSGyhU=
10,15,VKnBZI9vdym58zgwH+8ARnEKVSI=,oE797VX++YxFFREGxxaqfSSGyhU=
14,15,VKnBZI9vdym58zgwH+8ARnEKVSI=,oE797VX++YxFFREGxxaqfSSGyhU=
2,0,VKnBZI9vdym58zgwH+8ARnEKVSI=,oE797VX++YxFFREGxxaqfSSGyhU=
9,15,VKnBZI9vdym58zgwH+8ARnEKVSI=,oE797VX++YxFFREGxxaqfSSGyhU=
12,15,VKnBZI9vdym58zgwH+8ARnEKVSI=,oE797VX++YxFFREGxxaqfSSGyhU=
8,15,VKnBZI9vdym58zgwH+8ARnEKVSI=,oE797VX++YxFFREGxxaqfSSGyhU=
0,13,VKnBZI9vdym58zgwH+8ARnEKVSI=,oE797VX++YxFFREGxxaqfSSGyhU=
0,11,VKnBZI9vdym58zgwH+8ARnEKVSI=,oE797VX++YxFFREGxxaqfSSGyhU=
0,12,VKnBZI9vdym58zgwH+8ARnEKVSI=,oE797VX++YxFFREGxxaqfSSGyhU=
0,14,VKnBZI9vdym58zgwH+8ARnEKVSI=,oE797VX++YxFFREGxxaqfSSGyhU=
0,2,VKnBZI9vdym58zgwH+8ARnEKVSI=,oE797VX++YxFFREGxxaqfSSGyhU=
13,15,VKnBZI9vdym58zgwH+8ARnEKVSI=,oE797VX++YxFFREGxxaqfSSGyhU=
0,10,VKnBZI9vdym58zgwH+8ARnEKVSI=,oE797VX++YxFFREGxxaqfSSGyhU=
0,6,VKnBZI9vdym58zgwH+8ARnEKVSI=,oE797VX++YxFFREGxxaqfSSGyhU=
0,9,VKnBZI9vdym58zgwH+8ARnEKVSI=,oE797VX++YxFFREGxxaqfSSGyhU=
0,3,VKnBZI9vdym58zgwH+8ARnEKVSI=,oE797VX++YxFFREGxxaqfSSGyhU=
0,1,VKnBZI9vdym58zgwH+8ARnEKVSI=,oE797VX++YxFFREGxxaqfSSGyhU=
0,8,VKnBZI9vdym58zgwH+8ARnEKVSI=,oE797VX++YxFFREGxxaqfSSGyhU=
15,1,VKnBZI9vdym58zgwH+8ARnEKVSI=,oE797VX++YxFFREGxxaqfSSGyhU=
15,4,VKnBZI9vdym58zgwH+8ARnEKVSI=,oE797VX++YxFFREGxxaqfSSGyhU=
0,7,VKnBZI9vdym58zgwH+8ARnEKVSI=,oE797VX++YxFFREGxxaqfSSGyhU=
15,2,VKnBZI9vdym58zgwH+8ARnEKVSI=,oE797VX++YxFFREGxxaqfSSGyhU=
0,4,VKnBZI9vdym58zgwH+8ARnEKVSI=,oE797VX++YxFFREGxxaqfSSGyhU=
15,5,VKnBZI9vdym58zgwH+8ARnEKVSI=,oE797VX++YxFFREGxxaqfSSGyhU=
15,6,VKnBZI9vdym58zgwH+8ARnEKVSI=,oE797VX++YxFFREGxxaqfSSGyhU=
15,8,VKnBZI9vdym58zgwH+8ARnEKVSI=,oE797VX++YxFFREGxxaqfSSGyhU=
15,3,VKnBZI9vdym58zgwH+8ARnEKVSI=,oE797VX++YxFFREGxxaqfSSGyhU=
15,12,VKnBZI9vdym58zgwH+8ARnEKVSI=,oE797VX++YxFFREGxxaqfSSGyhU=
15,13,VKnBZI9vdym58zgwH+8ARnEKVSI=,oE797VX++YxFFREGxxaqfSSGyhU=
15,10,VKnBZI9vdym58zgwH+8ARnEKVSI=,oE797VX++YxFFREGxxaqfSSGyhU=
0,5,VKnBZI9vdym58zgwH+8ARnEKVSI=,oE797VX++YxFFREGxxaqfSSGyhU=
15,11,VKnBZI9vdym58zgwH+8ARnEKVSI=,oE797VX++YxFFREGxxaqfSSGyhU=
15,0,VKnBZI9vdym58zgwH+8ARnEKVSI=,oE797VX++YxFFREGxxaqfSSGyhU=
0,15,VKnBZI9vdym58zgwH+8ARnEKVSI=,oE797VX++YxFFREGxxaqfSSGyhU=
15,14,VKnBZI9vdym58zgwH+8ARnEKVSI=,oE797VX++YxFFREGxxaqfSSGyhU=
15,7,VKnBZI9vdym58zgwH+8ARnEKVSI=,oE797VX++YxFFREGxxaqfSSGyhU=
15,15,VKnBZI9vdym58zgwH+8ARnEKVSI=,oE797VX++YxFFREGxxaqfSSGyhU=
0,0,VKnBZI9vdym58zgwH+8ARnEKVSI=,oE797VX++YxFFREGxxaqfSSGyhU=
15,9,VKnBZI9vdym58zgwH+8ARnEKVSI=,oE797VX++YxFFREGxxaqfSSGyhU=
1,25,VKnBZI9vdym58zgwH+8ARnEKVSI=,oE797VX++YxFFREGxxaqfSSGyhU=
2,25,VKnBZI9vdym58zgwH+8ARnEKVSI=,oE797VX++YxFFREGxxaqfSSGyhU=
3,25,VKnBZI9vdym58zgwH+8ARnEKVSI=,oE797VX++YxFFREGxxaqfSSGyhU=
2,30,VKnBZI9vdym58zgwH+8ARnEKVSI=,oE797VX++YxFFREGxxaqfSSGyhU=
1,30,VKnBZI9vdym58zgwH+8ARnEKVSI=,oE797VX++YxFFREGxxaqfSSGyhU=
4,30,VKnBZI9vdym58zgwH+8ARnEKVSI=,oE797VX++YxFFREGxxaqfSSGyhU=
3,30,VKnBZI9vdym58zgwH+8ARnEKVSI=,oE797VX++YxFFREGxxaqfSSGyhU=
1,29,VKnBZI9vdym58zgwH+8ARnEKVSI=,oE797VX++YxFFREGxxaqfSSGyhU=
5,30,VKnBZI9vdym58zgwH+8ARnEKVSI=,oE797VX++YxFFREGxxaqfSSGyhU=
6,30,e0gxqawBejziVSut4ygaTYT8kfM=,oE797VX++YxFFREGxxaqfSSGyhU=
6,29,e0gxqawBejziVSut4ygaTYT8kfM=,oE797VX++YxFFREGxxaqfSSGyhU=
2,29,e0gxqawBejziVSut4ygaTYT8kfM=,oE797VX++YxFFREGxxaqfSSGyhU=
5,29,e0gxqawBejziVSut4ygaTYT8kfM=,oE797VX++YxFFREGxxaqfSSGyhU=
6,25,e0gxqawBejziVSut4ygaTYT8kfM=,oE797VX++YxFFREGxxaqfSSGyhU=
5,25,e0gxqawBejziVSut4ygaTYT8kfM=,oE797VX++YxFFREGxxaqfSSGyhU=
4,29,e0gxqawBejziVSut4ygaTYT8kfM=,oE797VX++YxFFREGxxaqfSSGyhU=
6,26,e0gxqawBejziVSut4ygaTYT8kfM=,oE797VX++YxFFREGxxaqfSSGyhU=
3,29,e0gxqawBejziVSut4ygaTYT8kfM=,oE797VX++YxFFREGxxaqfSSGyhU=
4,28,e0gxqawBejziVSut4ygaTYT8kfM=,oE797VX++YxFFREGxxaqfSSGyhU=
5,28,e0gxqawBejziVSut4ygaTYT8kfM=,oE797VX++YxFFREGxxaqfSSGyhU=
6,28,e0gxqawBejziVSut4ygaTYT8kfM=,oE797VX++YxFFREGxxaqfSSGyhU=
3,28,e0gxqawBejziVSut4ygaTYT8kfM=,oE797VX++YxFFREGxxaqfSSGyhU=
2,28,e0gxqawBejziVSut4ygaTYT8kfM=,oE797VX++YxFFREGxxaqfSSGyhU=
5,26,e0gxqawBejziVSut4ygaTYT8kfM=,oE797VX++YxFFREGxxaqfSSGyhU=
1,28,e0gxqawBejziVSut4ygaTYT8kfM=,oE797VX++YxFFREGxxaqfSSGyhU=
4,25,e0gxqawBejziVSut4ygaTYT8kfM=,oE797VX++YxFFREGxxaqfSSGyhU=
4,27,e0gxqawBejziVSut4ygaTYT8kfM=,oE797VX++YxFFREGxxaqfSSGyhU=
5,27,e0gxqawBejziVSut4ygaTYT8kfM=,oE797VX++YxFFREGxxaqfSSGyhU=
3,27,e0gxqawBejziVSut4ygaTYT8kfM=,oE797VX++YxFFREGxxaqfSSGyhU=
1,27,e0gxqawBejziVSut4ygaTYT8kfM=,oE797VX++YxFFREGxxaqfSSGyhU=
6,27,e0gxqawBejziVSut4ygaTYT8kfM=,oE797VX++YxFFREGxxaqfSSGyhU=
2,26,e0gxqawBejziVSut4ygaTYT8kfM=,oE797VX++YxFFREGxxaqfSSGyhU=
3,26,e0gxqawBejziVSut4ygaTYT8kfM=,oE797VX++YxFFREGxxaqfSSGyhU=
2,27,e0gxqawBejziVSut4ygaTYT8kfM=,oE797VX++YxFFREGxxaqfSSGyhU=
4,26,e0gxqawBejziVSut4ygaTYT8kfM=,oE797VX++YxFFREGxxaqfSSGyhU=
1,26,e0gxqawBejziVSut4ygaTYT8kfM=,oE797VX++YxFFREGxxaqfSSGyhU=
12,29,e0gxqawBejziVSut4ygaTYT8kfM=,oE797VX++YxFFREGxxaqfSSGyhU=
11,29,e0gxqawBejziVSut4ygaTYT8kfM=,oE797VX++YxFFREGxxaqfSSGyhU=
9,29,e0gxqawBejziVSut4ygaTYT8kfM=,oE797VX++YxFFREGxxaqfSSGyhU=
10,29,e0gxqawBejziVSut4ygaTYT8kfM=,oE797VX++YxFFREGxxaqfSSGyhU=
12,19,e0gxqawBejziVSut4ygaTYT8kfM=,oE797VX++YxFFREGxxaqfSSGyhU=
13,29,e0gxqawBejziVSut4ygaTYT8kfM=,oE797VX++YxFFREGxxaqfSSGyhU=
7,30,e0gxqawBejziVSut4ygaTYT8kfM=,oE797VX++YxFFREGxxaqfSSGyhU=
8,29,e0gxqawBejziVSut4ygaTYT8kfM=,oE797VX++YxFFREGxxaqfSSGyhU=
15,23,e0gxqawBejziVSut4ygaTYT8kfM=,oE797VX++YxFFREGxxaqfSSGyhU=
13,19,e0gxqawBejziVSut4ygaTYT8kfM=,oE797VX++YxFFREGxxaqfSSGyhU=
14,28,e0gxqawBejziVSut4ygaTYT8kfM=,oE797VX++YxFFREGxxaqfSSGyhU=
13,28,e0gxqawBejziVSut4ygaTYT8kfM=,oE797VX++YxFFREGxxaqfSSGyhU=
14,29,e0gxqawBejziVSut4ygaTYT8kfM=,oE797VX++YxFFREGxxaqfSSGyhU=
15,29,e0gxqawBejziVSut4ygaTYT8kfM=,oE797VX++YxFFREGxxaqfSSGyhU=
15,28,e0gxqawBejziVSut4ygaTYT8kfM=,oE797VX++YxFFREGxxaqfSSGyhU=
14,19,e0gxqawBejziVSut4ygaTYT8kfM=,oE797VX++YxFFREGxxaqfSSGyhU=
15,24,e0gxqawBejziVSut4ygaTYT8kfM=,oE797VX++YxFFREGxxaqfSSGyhU=
11,19,e0gxqawBejziVSut4ygaTYT8kfM=,oE797VX++YxFFREGxxaqfSSGyhU=
14,23,e0gxqawBejziVSut4ygaTYT8kfM=,oE797VX++YxFFREGxxaqfSSGyhU=
8,30,e0gxqawBejziVSut4ygaTYT8kfM=,oE797VX++YxFFREGxxaqfSSGyhU=
15,19,e0gxqawBejziVSut4ygaTYT8kfM=,oE797VX++YxFFREGxxaqfSSGyhU=
15,30,e0gxqawBejziVSut4ygaTYT8kfM=,oE797VX++YxFFREGxxaqfSSGyhU=
10,19,e0gxqawBejziVSut4ygaTYT8kfM=,oE797VX++YxFFREGxxaqfSSGyhU=
15,22,e0gxqawBejziVSut4ygaTYT8kfM=,oE797VX++YxFFREGxxaqfSSGyhU=
13,23,e0gxqawBejziVSut4ygaTYT8kfM=,oE797VX++YxFFREGxxaqfSSGyhU=
15,25,e0gxqawBejziVSut4ygaTYT8kfM=,oE797VX++YxFFREGxxaqfSSGyhU=
9,19,e0gxqawBejziVSut4ygaTYT8kfM=,oE797VX++YxFFREGxxaqfSSGyhU=
9,30,e0gxqawBejziVSut4ygaTYT8kfM=,oE797VX++YxFFREGxxaqfSSGyhU=
11,23,e0gxqawBejziVSut4ygaTYT8kfM=,oE797VX++YxFFREGxxaqfSSGyhU=
14,22,e0gxqawBejziVSut4ygaTYT8kfM=,oE797VX++YxFFREGxxaqfSSGyhU=
10,28,e0gxqawBejziVSut4ygaTYT8kfM=,oE797VX++YxFFREGxxaqfSSGyhU=
12,28,e0gxqawBejziVSut4ygaTYT8kfM=,oE797VX++YxFFREGxxaqfSSGyhU=
15,26,e0gxqawBejziVSut4ygaTYT8kfM=,oE797VX++YxFFREGxxaqfSSGyhU=
10,23,e0gxqawBejziVSut4ygaTYT8kfM=,oE797VX++YxFFREGxxaqfSSGyhU=
12,23,e0gxqawBejziVSut4ygaTYT8kfM=,oE797VX++YxFFREGxxaqfSSGyhU=
11,28,e0gxqawBejziVSut4ygaTYT8kfM=,oE797VX++YxFFREGxxaqfSSGyhU=
11,26,e0gxqawBejziVSut4ygaTYT8kfM=,oE797VX++YxFFREGxxaqfSSGyhU=
7,29,e0gxqawBejziVSut4ygaTYT8kfM=,oE797VX++YxFFREGxxaqfSSGyhU=
10,26,e0gxqawBejziVSut4ygaTYT8kfM=,oE797VX++YxFFREGxxaqfSSGyhU=
9,20,e0gxqawBejziVSut4ygaTYT8kfM=,oE797VX++YxFFREGxxaqfSSGyhU=
9,23,e0gxqawBejziVSut4ygaTYT8kfM=,oE797VX++YxFFREGxxaqfSSGyhU=
10,27,e0gxqawBejziVSut4ygaTYT8kfM=,oE797VX++YxFFREGxxaqfSSGyhU=
11,27,e0gxqawBejziVSut4ygaTYT8kfM=,oE797VX++YxFFREGxxaqfSSGyhU=
9,26,e0gxqawBejziVSut4ygaTYT8kfM=,oE797VX++YxFFREGxxaqfSSGyhU=
9,24,e0gxqawBejziVSut4ygaTYT8kfM=,oE797VX++YxFFREGxxaqfSSGyhU=
13,22,e0gxqawBejziVSut4ygaTYT8kfM=,oE797VX++YxFFREGxxaqfSSGyhU=
9,28,e0gxqawBejziVSut4ygaTYT8kfM=,oE797VX++YxFFREGxxaqfSSGyhU=
15,27,e0gxqawBejziVSut4ygaTYT8kfM=,oE797VX++YxFFREGxxaqfSSGyhU=
7,25,e0gxqawBejziVSut4ygaTYT8kfM=,oE797VX++YxFFREGxxaqfSSGyhU=
10,25,e0gxqawBejziVSut4ygaTYT8kfM=,oE797VX++YxFFREGxxaqfSSGyhU=
12,22,e0gxqawBejziVSut4ygaTYT8kfM=,oE797VX++YxFFREGxxaqfSSGyhU=
9,25,e0gxqawBejziVSut4ygaTYT8kfM=,oE797VX++YxFFREGxxaqfSSGyhU=
7,28,e0gxqawBejziVSut4ygaTYT8kfM=,oE797VX++YxFFREGxxaqfSSGyhU=
8,25,e0gxqawBejziVSut4ygaTYT8kfM=,oE797VX++YxFFREGxxaqfSSGyhU=
8,28,e0gxqawBejziVSut4ygaTYT8kfM=,oE797VX++YxFFREGxxaqfSSGyhU=
15,18,e0gxqawBejziVSut4ygaTYT8kfM=,oE797VX++YxFFREGxxaqfSSGyhU=
7,26,e0gxqawBejziVSut4ygaTYT8kfM=,oE797VX++YxFFREGxxaqfSSGyhU=
14,27,e0gxqawBejziVSut4ygaTYT8kfM=,oE797VX++YxFFREGxxaqfSSGyhU=
13,27,e0gxqawBejziVSut4ygaTYT8kfM=,oE797VX++YxFFREGxxaqfSSGyhU=
12,26,e0gxqawBejziVSut4ygaTYT8kfM=,oE797VX++YxFFREGxxaqfSSGyhU=
12,27,e0gxqawBejziVSut4ygaTYT8kfM=,oE797VX++YxFFREGxxaqfSSGyhU=
11,22,e0gxqawBejziVSut4ygaTYT8kfM=,oE797VX++YxFFREGxxaqfSSGyhU=
9,27,e0gxqawBejziVSut4ygaTYT8kfM=,oE797VX++YxFFREGxxaqfSSGyhU=
8,26,e0gxqawBejziVSut4ygaTYT8kfM=,oE797VX++YxFFREGxxaqfSSGyhU=
8,27,e0gxqawBejziVSut4ygaTYT8kfM=,oE797VX++YxFFREGxxaqfSSGyhU=
7,27,e0gxqawBejziVSut4ygaTYT8kfM=,oE797VX++YxFFREGxxaqfSSGyhU=
14,18,e0gxqawBejziVSut4ygaTYT8kfM=,oE797VX++YxFFREGxxaqfSSGyhU=
10,30,e0gxqawBejziVSut4ygaTYT8kfM=,oE797VX++YxFFREGxxaqfSSGyhU=
10,22,e0gxqawBejziVSut4ygaTYT8kfM=,oE797VX++YxFFREGxxaqfSSGyhU=
14,25,e0gxqawBejziVSut4ygaTYT8kfM=,oE797VX++YxFFREGxxaqfSSGyhU=
9,22,e0gxqawBejziVSut4ygaTYT8kfM=,oE797VX++YxFFREGxxaqfSSGyhU=
14,26,e0gxqawBejziVSut4ygaTYT8kfM=,oE797VX++YxFFREGxxaqfSSGyhU=
13,26,e0gxqawBejziVSut4ygaTYT8kfM=,oE797VX++YxFFREGxxaqfSSGyhU=
14,21,e0gxqawBejziVSut4ygaTYT8kfM=,oE797VX++YxFFREGxxaqfSSGyhU=
10,24,e0gxqawBejziVSut4ygaTYT8kfM=,oE797VX++YxFFREGxxaqfSSGyhU=
11,25,e0gxqawBejziVSut4ygaTYT8kfM=,oE797VX++YxFFREGxxaqfSSGyhU=
13,25,e0gxqawBejziVSut4ygaTYT8kfM=,oE797VX++YxFFREGxxaqfSSGyhU=
13,21,e0gxqawBejziVSut4ygaTYT8kfM=,oE797VX++YxFFREGxxaqfSSGyhU=
13,18,e0gxqawBejziVSut4ygaTYT8kfM=,oE797VX++YxFFREGxxaqfSSGyhU=
12,25,e0gxqawBejziVSut4ygaTYT8kfM=,oE797VX++YxFFREGxxaqfSSGyhU=
14,30,e0gxqawBejziVSut4ygaTYT8kfM=,oE797VX++YxFFREGxxaqfSSGyhU=
15,21,e0gxqawBejziVSut4ygaTYT8kfM=,oE797VX++YxFFREGxxaqfSSGyhU=
12,18,e0gxqawBejziVSut4ygaTYT8kfM=,oE797VX++YxFFREGxxaqfSSGyhU=
11,18,e0gxqawBejziVSut4ygaTYT8kfM=,oE797VX++YxFFREGxxaqfSSGyhU=
10,18,e0gxqawBejziVSut4ygaTYT8kfM=,oE797VX++YxFFREGxxaqfSSGyhU=
12,30,e0gxqawBejziVSut4ygaTYT8kfM=,oE797VX++YxFFREGxxaqfSSGyhU=
11,21,e0gxqawBejziVSut4ygaTYT8kfM=,oE797VX++YxFFREGxxaqfSSGyhU=
9,21,e0gxqawBejziVSut4ygaTYT8kfM=,oE797VX++YxFFREGxxaqfSSGyhU=
13,30,e0gxqawBejziVSut4ygaTYT8kfM=,oE797VX++YxFFREGxxaqfSSGyhU=
12,21,e0gxqawBejziVSut4ygaTYT8kfM=,oE797VX++YxFFREGxxaqfSSGyhU=
9,18,e0gxqawBejziVSut4ygaTYT8kfM=,oE797VX++YxFFREGxxaqfSSGyhU=
11,30,e0gxqawBejziVSut4ygaTYT8kfM=,oE797VX++YxFFREGxxaqfSSGyhU=
15,20,e0gxqawBejziVSut4ygaTYT8kfM=,oE797VX++YxFFREGxxaqfSSGyhU=
11,24,e0gxqawBejziVSut4ygaTYT8kfM=,oE797VX++YxFFREGxxaqfSSGyhU=
13,20,e0gxqawBejziVSut4ygaTYT8kfM=,oE797VX++YxFFREGxxaqfSSGyhU=
15,17,e0gxqawBejziVSut4ygaTYT8kfM=,oE797VX++YxFFREGxxaqfSSGyhU=
10,21,e0gxqawBejziVSut4ygaTYT8kfM=,oE797VX++YxFFREGxxaqfSSGyhU=
14,17,e0gxqawBejziVSut4ygaTYT8kfM=,oE797VX++YxFFREGxxaqfSSGyhU=
12,17,e0gxqawBejziVSut4ygaTYT8kfM=,oE797VX++YxFFREGxxaqfSSGyhU=
14,20,e0gxqawBejziVSut4ygaTYT8kfM=,oE797VX++YxFFREGxxaqfSSGyhU=
13,17,e0gxqawBejziVSut4ygaTYT8kfM=,oE797VX++YxFFREGxxaqfSSGyhU=
9,17,e0gxqawBejziVSut4ygaTYT8kfM=,oE797VX++YxFFREGxxaqfSSGyhU=
11,17,e0gxqawBejziVSut4ygaTYT8kfM=,oE797VX++YxFFREGxxaqfSSGyhU=
11,20,e0gxqawBejziVSut4ygaTYT8kfM=,oE797VX++YxFFREGxxaqfSSGyhU=
10,17,e0gxqawBejziVSut4ygaTYT8kfM=,oE797VX++YxFFREGxxaqfSSGyhU=
10,20,e0gxqawBejziVSut4ygaTYT8kfM=,oE797VX++YxFFREGxxaqfSSGyhU=
14,24,e0gxqawBejziVSut4ygaTYT8kfM=,oE797VX++YxFFREGxxaqfSSGyhU=
13,24,e0gxqawBejziVSut4ygaTYT8kfM=,oE797VX++YxFFREGxxaqfSSGyhU=
0,29,e0gxqawBejziVSut4ygaTYT8kfM=,oE797VX++YxFFREGxxaqfSSGyhU=
0,30,e0gxqawBejziVSut4ygaTYT8kfM=,oE797VX++YxFFREGxxaqfSSGyhU=
12,24,e0gxqawBejziVSut4ygaTYT8kfM=,oE797VX++YxFFREGxxaqfSSGyhU=
4,23,e0gxqawBejziVSut4ygaTYT8kfM=,oE797VX++YxFFREGxxaqfSSGyhU=
12,20,e0gxqawBejziVSut4ygaTYT8kfM=,oE797VX++YxFFREGxxaqfSSGyhU=
0,28,e0gxqawBejziVSut4ygaTYT8kfM=,oE797VX++YxFFREGxxaqfSSGyhU=
4,31,e0gxqawBejziVSut4ygaTYT8kfM=,oE797VX++YxFFREGxxaqfSSGyhU=
3,23,e0gxqawBejziVSut4ygaTYT8kfM=,oE797VX++YxFFREGxxaqfSSGyhU=
5,22,e0gxqawBejziVSut4ygaTYT8kfM=,oE797VX++YxFFREGxxaqfSSGyhU=
0,26,e0gxqawBejziVSut4ygaTYT8kfM=,oE797VX++YxFFREGxxaqfSSGyhU=
10,16,e0gxqawBejziVSut4ygaTYT8kfM=,oE797VX++YxFFREGxxaqfSSGyhU=
8,20,e0gxqawBejziVSut4ygaTYT8kfM=,oE797VX++YxFFREGxxaqfSSGyhU=
0,25,e0gxqawBejziVSut4ygaTYT8kfM=,oE797VX++YxFFREGxxaqfSSGyhU=
4,16,e0gxqawBejziVSut4ygaTYT8kfM=,oE797VX++YxFFREGxxaqfSSGyhU=
0,27,e0gxqawBejziVSut4ygaTYT8kfM=,oE797VX++YxFFREGxxaqfSSGyhU=
5,23,e0gxqawBejziVSut4ygaTYT8kfM=,oE797VX++YxFFREGxxaqfSSGyhU=
6,23,e0gxqawBejziVSut4ygaTYT8kfM=,oE797VX++YxFFREGxxaqfSSGyhU=
11,16,e0gxqawBejziVSut4ygaTYT8kfM=,oE797VX++YxFFREGxxaqfSSGyhU=
12,16,e0gxqawBejziVSut4ygaTYT8kfM=,oE797VX++YxFFREGxxaqfSSGyhU=
9,16,e0gxqawBejziVSut4ygaTYT8kfM=,oE797VX++YxFFREGxxaqfSSGyhU=
13,16,e0gxqawBejziVSut4ygaTYT8kfM=,oE797VX++YxFFREGxxaqfSSGyhU=
14,16,e0gxqawBejziVSut4ygaTYT8kfM=,oE797VX++YxFFREGxxaqfSSGyhU=
1,21,e0gxqawBejziVSut4ygaTYT8kfM=,oE797VX++YxFFREGxxaqfSSGyhU=
2,23,e0gxqawBejziVSut4ygaTYT8kfM=,oE797VX++YxFFREGxxaqfSSGyhU=
2,31,e0gxqawBejziVSut4ygaTYT8kfM=,oE797VX++YxFFREGxxaqfSSGyhU=
3,31,e0gxqawBejziVSut4ygaTYT8kfM=,oE797VX++YxFFREGxxaqfSSGyhU=
1,23,e0gxqawBejziVSut4ygaTYT8kfM=,oE797VX++YxFFREGxxaqfSSGyhU=
1,20,e0gxqawBejziVSut4ygaTYT8kfM=,oE797VX++YxFFREGxxaqfSSGyhU=
0,20,e0gxqawBejziVSut4ygaTYT8kfM=,oE797VX++YxFFREGxxaqfSSGyhU=
1,31,e0gxqawBejziVSut4ygaTYT8kfM=,oE797VX++YxFFREGxxaqfSSGyhU=
4,20,e0gxqawBejziVSut4ygaTYT8kfM=,oE797VX++YxFFREGxxaqfSSGyhU=
5,20,e0gxqawBejziVSut4ygaTYT8kfM=,oE797VX++YxFFREGxxaqfSSGyhU=
7,23,e0gxqawBejziVSut4ygaTYT8kfM=,oE797VX++YxFFREGxxaqfSSGyhU=
7,19,e0gxqawBejziVSut4ygaTYT8kfM=,oE797VX++YxFFREGxxaqfSSGyhU=
1,18,e0gxqawBejziVSut4ygaTYT8kfM=,oE797VX++YxFFREGxxaqfSSGyhU=
3,17,e0gxqawBejziVSut4ygaTYT8kfM=,oE797VX++YxFFREGxxaqfSSGyhU=
0,31,e0gxqawBejziVSut4ygaTYT8kfM=,oE797VX++YxFFREGxxaqfSSGyhU=
2,17,e0gxqawBejziVSut4ygaTYT8kfM=,oE797VX++YxFFREGxxaqfSSGyhU=
6,20,e0gxqawBejziVSut4ygaTYT8kfM=,oE797VX++YxFFREGxxaqfSSGyhU=
5,31,e0gxqawBejziVSut4ygaTYT8kfM=,oE797VX++YxFFREGxxaqfSSGyhU=
5,16,e0gxqawBejziVSut4ygaTYT8kfM=,oE797VX++YxFFREGxxaqfSSGyhU=
8,23,e0gxqawBejziVSut4ygaTYT8kfM=,oE797VX++YxFFREGxxaqfSSGyhU=
6,31,e0gxqawBejziVSut4ygaTYT8kfM=,oE797VX++YxFFREGxxaqfSSGyhU=
1,17,e0gxqawBejziVSut4ygaTYT8kfM=,oE797VX++YxFFREGxxaqfSSGyhU=
0,24,e0gxqawBejziVSut4ygaTYT8kfM=,oE797VX++YxFFREGxxaqfSSGyhU=
0,17,e0gxqawBejziVSut4ygaTYT8kfM=,oE797VX++YxFFREGxxaqfSSGyhU=
3,16,e0gxqawBejziVSut4ygaTYT8kfM=,oE797VX++YxFFREGxxaqfSSGyhU=
8,22,e0gxqawBejziVSut4ygaTYT8kfM=,oE797VX++YxFFREGxxaqfSSGyhU=
0,18,e0gxqawBejziVSut4ygaTYT8kfM=,oE797VX++YxFFREGxxaqfSSGyhU=
7,20,e0gxqawBejziVSut4ygaTYT8kfM=,oE797VX++YxFFREGxxaqfSSGyhU=
4,22,e0gxqawBejziVSut4ygaTYT8kfM=,oE797VX++YxFFREGxxaqfSSGyhU=
0,21,e0gxqawBejziVSut4ygaTYT8kfM=,oE797VX++YxFFREGxxaqfSSGyhU=
5,19,e0gxqawBejziVSut4ygaTYT8kfM=,oE797VX++YxFFREGxxaqfSSGyhU=
6,16,e0gxqawBejziVSut4ygaTYT8kfM=,oE797VX++YxFFREGxxaqfSSGyhU=
8,16,e0gxqawBejziVSut4ygaTYT8kfM=,oE797VX++YxFFREGxxaqfSSGyhU=
6,22,e0gxqawBejziVSut4ygaTYT8kfM=,oE797VX++YxFFREGxxaqfSSGyhU=
7,16,e0gxqawBejziVSut4ygaTYT8kfM=,oE797VX++YxFFREGxxaqfSSGyhU=
1,16,e0gxqawBejziVSut4ygaTYT8kfM=,oE797VX++YxFFREGxxaqfSSGyhU=
6,21,e0gxqawBejziVSut4ygaTYT8kfM=,oE797VX++YxFFREGxxaqfSSGyhU=
2,16,e0gxqawBejziVSut4ygaTYT8kfM=,oE797VX++YxFFREGxxaqfSSGyhU=
8,21,e0gxqawBejziVSut4ygaTYT8kfM=,oE797VX++YxFFREGxxaqfSSGyhU=
5,21,e0gxqawBejziVSut4ygaTYT8kfM=,oE797VX++YxFFREGxxaqfSSGyhU=
7,31,e0gxqawBejziVSut4ygaTYT8kfM=,oE797VX++YxFFREGxxaqfSSGyhU=
4,21,e0gxqawBejziVSut4ygaTYT8kfM=,oE797VX++YxFFREGxxaqfSSGyhU=
8,19,e0gxqawBejziVSut4ygaTYT8kfM=,oE797VX++YxFFREGxxaqfSSGyhU=
8,18,e0gxqawBejziVSut4ygaTYT8kfM=,oE797VX++YxFFREGxxaqfSSGyhU=
14,31,e0gxqawBejziVSut4ygaTYT8kfM=,oE797VX++YxFFREGxxaqfSSGyhU=
12,31,e0gxqawBejziVSut4ygaTYT8kfM=,oE797VX++YxFFREGxxaqfSSGyhU=
1,19,e0gxqawBejziVSut4ygaTYT8kfM=,oE797VX++YxFFREGxxaqfSSGyhU=
0,19,e0gxqawBejziVSut4ygaTYT8kfM=,oE797VX++YxFFREGxxaqfSSGyhU=
4,19,e0gxqawBejziVSut4ygaTYT8kfM=,oE797VX++YxFFREGxxaqfSSGyhU=
15,31,e0gxqawBejziVSut4ygaTYT8kfM=,oE797VX++YxFFREGxxaqfSSGyhU=
7,22,e0gxqawBejziVSut4ygaTYT8kfM=,oE797VX++YxFFREGxxaqfSSGyhU=
4,18,e0gxqawBejziVSut4ygaTYT8kfM=,oE797VX++YxFFREGxxaqfSSGyhU=
15,16,e0gxqawBejziVSut4ygaTYT8kfM=,oE797VX++YxFFREGxxaqfSSGyhU=
7,21,e0gxqawBejziVSut4ygaTYT8kfM=,oE797VX++YxFFREGxxaqfSSGyhU=
6,19,e0gxqawBejziVSut4ygaTYT8kfM=,oE797VX++YxFFREGxxaqfSSGyhU=
5,18,e0gxqawBejziVSut4ygaTYT8kfM=,oE797VX++YxFFREGxxaqfSSGyhU=
7,24,e0gxqawBejziVSut4ygaTYT8kfM=,oE797VX++YxFFREGxxaqfSSGyhU=
6,24,e0gxqawBejziVSut4ygaTYT8kfM=,oE797VX++YxFFREGxxaqfSSGyhU=
3,22,e0gxqawBejziVSut4ygaTYT8kfM=,oE797VX++YxFFREGxxaqfSSGyhU=
5,24,e0gxqawBejziVSut4ygaTYT8kfM=,oE797VX++YxFFREGxxaqfSSGyhU=
4,24,e0gxqawBejziVSut4ygaTYT8kfM=,oE797VX++YxFFREGxxaqfSSGyhU=
1,24,e0gxqawBejziVSut4ygaTYT8kfM=,oE797VX++YxFFREGxxaqfSSGyhU=
8,24,e0gxqawBejziVSut4ygaTYT8kfM=,oE797VX++YxFFREGxxaqfSSGyhU=
11,31,e0gxqawBejziVSut4ygaTYT8kfM=,oE797VX++YxFFREGxxaqfSSGyhU=
9,31,e0gxqawBejziVSut4ygaTYT8kfM=,oE797VX++YxFFREGxxaqfSSGyhU=
7,18,e0gxqawBejziVSut4ygaTYT8kfM=,oE797VX++YxFFREGxxaqfSSGyhU=
8,31,e0gxqawBejziVSut4ygaTYT8kfM=,oE797VX++YxFFREGxxaqfSSGyhU=
2,22,e0gxqawBejziVSut4ygaTYT8kfM=,oE797VX++YxFFREGxxaqfSSGyhU=
8,17,e0gxqawBejziVSut4ygaTYT8kfM=,oE797VX++YxFFREGxxaqfSSGyhU=
13,31,e0gxqawBejziVSut4ygaTYT8kfM=,oE797VX++YxFFREGxxaqfSSGyhU=
6,18,e0gxqawBejziVSut4ygaTYT8kfM=,oE797VX++YxFFREGxxaqfSSGyhU=
0,16,e0gxqawBejziVSut4ygaTYT8kfM=,oE797VX++YxFFREGxxaqfSSGyhU=
7,17,e0gxqawBejziVSut4ygaTYT8kfM=,oE797VX++YxFFREGxxaqfSSGyhU=
6,17,e0gxqawBejziVSut4ygaTYT8kfM=,oE797VX++YxFFREGxxaqfSSGyhU=
0,22,e0gxqawBejziVSut4ygaTYT8kfM=,oE797VX++YxFFREGxxaqfSSGyhU=
4,17,e0gxqawBejziVSut4ygaTYT8kfM=,oE797VX++YxFFREGxxaqfSSGyhU=
3,21,e0gxqawBejziVSut4ygaTYT8kfM=,oE797VX++YxFFREGxxaqfSSGyhU=
10,31,e0gxqawBejziVSut4ygaTYT8kfM=,oE797VX++YxFFREGxxaqfSSGyhU=
0,23,e0gxqawBejziVSut4ygaTYT8kfM=,oE797VX++YxFFREGxxaqfSSGyhU=
1,22,e0gxqawBejziVSut4ygaTYT8kfM=,oE797VX++YxFFREGxxaqfSSGyhU=
3,20,e0gxqawBejziVSut4ygaTYT8kfM=,oE797VX++YxFFREGxxaqfSSGyhU=
2,20,e0gxqawBejziVSut4ygaTYT8kfM=,oE797VX++YxFFREGxxaqfSSGyhU=
5,17,e0gxqawBejziVSut4ygaTYT8kfM=,oE797VX++YxFFREGxxaqfSSGyhU=
2,21,e0gxqawBejziVSut4ygaTYT8kfM=,oE797VX++YxFFREGxxaqfSSGyhU=
2,18,e0gxqawBejziVSut4ygaTYT8kfM=,oE797VX++YxFFREGxxaqfSSGyhU=
3,18,e0gxqawBejziVSut4ygaTYT8kfM=,oE797VX++YxFFREGxxaqfSSGyhU=
3,24,e0gxqawBejziVSut4ygaTYT8kfM=,oE797VX++YxFFREGxxaqfSSGyhU=
2,19,e0gxqawBejziVSut4ygaTYT8kfM=,oE797VX++YxFFREGxxaqfSSGyhU=
3,19,e0gxqawBejziVSut4ygaTYT8kfM=,oE797VX++YxFFREGxxaqfSSGyhU=
2,24,e0gxqawBejziVSut4ygaTYT8kfM=,oE797VX++YxFFREGxxaqfSSGyhU=
28,29,KLZpwkxDKboUeyDdwAtRJHhV8r4=,oE797VX++YxFFREGxxaqfSSGyhU=
29,29,KLZpwkxDKboUeyDdwAtRJHhV8r4=,oE797VX++YxFFREGxxaqfSSGyhU=
30,29,KLZpwkxDKboUeyDdwAtRJHhV8r4=,oE797VX++YxFFREGxxaqfSSGyhU=
25,30,KLZpwkxDKboUeyDdwAtRJHhV8r4=,oE797VX++YxFFREGxxaqfSSGyhU=
26,30,KLZpwkxDKboUeyDdwAtRJHhV8r4=,oE797VX++YxFFREGxxaqfSSGyhU=
27,30,KLZpwkxDKboUeyDdwAtRJHhV8r4=,oE797VX++YxFFREGxxaqfSSGyhU=
28,30,KLZpwkxDKboUeyDdwAtRJHhV8r4=,oE797VX++YxFFREGxxaqfSSGyhU=
29,30,KLZpwkxDKboUeyDdwAtRJHhV8r4=,oE797VX++YxFFREGxxaqfSSGyhU=
30,30,KLZpwkxDKboUeyDdwAtRJHhV8r4=,oE797VX++YxFFREGxxaqfSSGyhU=
25,25,KLZpwkxDKboUeyDdwAtRJHhV8r4=,oE797VX++YxFFREGxxaqfSSGyhU=
26,25,KLZpwkxDKboUeyDdwAtRJHhV8r4=,oE797VX++YxFFREGxxaqfSSGyhU=
27,25,KLZpwkxDKboUeyDdwAtRJHhV8r4=,oE797VX++YxFFREGxxaqfSSGyhU=
28,25,KLZpwkxDKboUeyDdwAtRJHhV8r4=,oE797VX++YxFFREGxxaqfSSGyhU=
29,25,KLZpwkxDKboUeyDdwAtRJHhV8r4=,oE797VX++YxFFREGxxaqfSSGyhU=
30,25,KLZpwkxDKboUeyDdwAtRJHhV8r4=,oE797VX++YxFFREGxxaqfSSGyhU=
25,26,KLZpwkxDKboUeyDdwAtRJHhV8r4=,oE797VX++YxFFREGxxaqfSSGyhU=
26,26,KLZpwkxDKboUeyDdwAtRJHhV8r4=,oE797VX++YxFFREGxxaqfSSGyhU=
27,26,KLZpwkxDKboUeyDdwAtRJHhV8r4=,oE797VX++YxFFREGxxaqfSSGyhU=
28,26,KLZpwkxDKboUeyDdwAtRJHhV8r4=,oE797VX++YxFFREGxxaqfSSGyhU=
29,26,KLZpwkxDKboUeyDdwAtRJHhV8r4=,oE797VX++YxFFREGxxaqfSSGyhU=
30,26,KLZpwkxDKboUeyDdwAtRJHhV8r4=,oE797VX++YxFFREGxxaqfSSGyhU=
25,27,KLZpwkxDKboUeyDdwAtRJHhV8r4=,oE797VX++YxFFREGxxaqfSSGyhU=
26,27,KLZpwkxDKboUeyDdwAtRJHhV8r4=,oE797VX++YxFFREGxxaqfSSGyhU=
27,27,KLZpwkxDKboUeyDdwAtRJHhV8r4=,oE797VX++YxFFREGxxaqfSSGyhU=
28,27,KLZpwkxDKboUeyDdwAtRJHhV8r4=,oE797VX++YxFFREGxxaqfSSGyhU=
29,27,KLZpwkxDKboUeyDdwAtRJHhV8r4=,oE797VX++YxFFREGxxaqfSSGyhU=
30,27,KLZpwkxDKboUeyDdwAtRJHhV8r4=,oE797VX++YxFFREGxxaqfSSGyhU=
27,29,KLZpwkxDKboUeyDdwAtRJHhV8r4=,oE797VX++YxFFREGxxaqfSSGyhU=
25,28,KLZpwkxDKboUeyDdwAtRJHhV8r4=,oE797VX++YxFFREGxxaqfSSGyhU=
26,28,KLZpwkxDKboUeyDdwAtRJHhV8r4=,oE797VX++YxFFREGxxaqfSSGyhU=
27,28,KLZpwkxDKboUeyDdwAtRJHhV8r4=,oE797VX++YxFFREGxxaqfSSGyhU=
28,28,KLZpwkxDKboUeyDdwAtRJHhV8r4=,oE797VX++YxFFREGxxaqfSSGyhU=
29,28,KLZpwkxDKboUeyDdwAtRJHhV8r4=,oE797VX++YxFFREGxxaqfSSGyhU=
30,28,KLZpwkxDKboUeyDdwAtRJHhV8r4=,oE797VX++YxFFREGxxaqfSSGyhU=
25,29,KLZpwkxDKboUeyDdwAtRJHhV8r4=,oE797VX++YxFFREGxxaqfSSGyhU=
26,29,KLZpwkxDKboUeyDdwAtRJHhV8r4=,oE797VX++YxFFREGxxaqfSSGyhU=
28,19,KLZpwkxDKboUeyDdwAtRJHhV8r4=,oE797VX++YxFFREGxxaqfSSGyhU=
29,19,KLZpwkxDKboUeyDdwAtRJHhV8r4=,oE797VX++YxFFREGxxaqfSSGyhU=
30,19,KLZpwkxDKboUeyDdwAtRJHhV8r4=,oE797VX++YxFFREGxxaqfSSGyhU=
31,19,KLZpwkxDKboUeyDdwAtRJHhV8r4=,oE797VX++YxFFREGxxaqfSSGyhU=
25,24,KLZpwkxDKboUeyDdwAtRJHhV8r4=,oE797VX++YxFFREGxxaqfSSGyhU=
26,24,KLZpwkxDKboUeyDdwAtRJHhV8r4=,oE797VX++YxFFREGxxaqfSSGyhU=
25,31,KLZpwkxDKboUeyDdwAtRJHhV8r4=,oE797VX++YxFFREGxxaqfSSGyhU=
26,31,KLZpwkxDKboUeyDdwAtRJHhV8r4=,oE797VX++YxFFREGxxaqfSSGyhU=
27,31,KLZpwkxDKboUeyDdwAtRJHhV8r4=,oE797VX++YxFFREGxxaqfSSGyhU=
28,31,KLZpwkxDKboUeyDdwAtRJHhV8r4=,oE797VX++YxFFREGxxaqfSSGyhU=
29,31,KLZpwkxDKboUeyDdwAtRJHhV8r4=,oE797VX++YxFFREGxxaqfSSGyhU=
30,31,KLZpwkxDKboUeyDdwAtRJHhV8r4=,oE797VX++YxFFREGxxaqfSSGyhU=
27,19,KLZpwkxDKboUeyDdwAtRJHhV8r4=,oE797VX++YxFFREGxxaqfSSGyhU=
25,19,KLZpwkxDKboUeyDdwAtRJHhV8r4=,oE797VX++YxFFREGxxaqfSSGyhU=
26,19,KLZpwkxDKboUeyDdwAtRJHhV8r4=,oE797VX++YxFFREGxxaqfSSGyhU=
25,16,KLZpwkxDKboUeyDdwAtRJHhV8r4=,oE797VX++YxFFREGxxaqfSSGyhU=
31,18,KLZpwkxDKboUeyDdwAtRJHhV8r4=,oE797VX++YxFFREGxxaqfSSGyhU=
26,16,KLZpwkxDKboUeyDdwAtRJHhV8r4=,oE797VX++YxFFREGxxaqfSSGyhU=
28,18,KLZpwkxDKboUeyDdwAtRJHhV8r4=,oE797VX++YxFFREGxxaqfSSGyhU=
30,18,KLZpwkxDKboUeyDdwAtRJHhV8r4=,oE797VX++YxFFREGxxaqfSSGyhU=
30,23,KLZpwkxDKboUeyDdwAtRJHhV8r4=,oE797VX++YxFFREGxxaqfSSGyhU=
27,16,KLZpwkxDKboUeyDdwAtRJHhV8r4=,oE797VX++YxFFREGxxaqfSSGyhU=
29,18,KLZpwkxDKboUeyDdwAtRJHhV8r4=,oE797VX++YxFFREGxxaqfSSGyhU=
27,18,KLZpwkxDKboUeyDdwAtRJHhV8r4=,oE797VX++YxFFREGxxaqfSSGyhU=
28,16,KLZpwkxDKboUeyDdwAtRJHhV8r4=,oE797VX++YxFFREGxxaqfSSGyhU=
28,23,KLZpwkxDKboUeyDdwAtRJHhV8r4=,oE797VX++YxFFREGxxaqfSSGyhU=
27,23,KLZpwkxDKboUeyDdwAtRJHhV8r4=,oE797VX++YxFFREGxxaqfSSGyhU=
29,23,KLZpwkxDKboUeyDdwAtRJHhV8r4=,oE797VX++YxFFREGxxaqfSSGyhU=
25,23,KLZpwkxDKboUeyDdwAtRJHhV8r4=,oE797VX++YxFFREGxxaqfSSGyhU=
31,22,KLZpwkxDKboUeyDdwAtRJHhV8r4=,oE797VX++YxFFREGxxaqfSSGyhU=
30,22,KLZpwkxDKboUeyDdwAtRJHhV8r4=,oE797VX++YxFFREGxxaqfSSGyhU=
26,23,KLZpwkxDKboUeyDdwAtRJHhV8r4=,oE797VX++YxFFREGxxaqfSSGyhU=
28,22,KLZpwkxDKboUeyDdwAtRJHhV8r4=,oE797VX++YxFFREGxxaqfSSGyhU=
29,22,KLZpwkxDKboUeyDdwAtRJHhV8r4=,oE797VX++YxFFREGxxaqfSSGyhU=
27,22,KLZpwkxDKboUeyDdwAtRJHhV8r4=,oE797VX++YxFFREGxxaqfSSGyhU=
26,22,KLZpwkxDKboUeyDdwAtRJHhV8r4=,oE797VX++YxFFREGxxaqfSSGyhU=
31,21,KLZpwkxDKboUeyDdwAtRJHhV8r4=,oE797VX++YxFFREGxxaqfSSGyhU=
30,21,KLZpwkxDKboUeyDdwAtRJHhV8r4=,oE797VX++YxFFREGxxaqfSSGyhU=
29,21,KLZpwkxDKboUeyDdwAtRJHhV8r4=,oE797VX++YxFFREGxxaqfSSGyhU=
26,21,KLZpwkxDKboUeyDdwAtRJHhV8r4=,oE797VX++YxFFREGxxaqfSSGyhU=
31,20,KLZpwkxDKboUeyDdwAtRJHhV8r4=,oE797VX++YxFFREGxxaqfSSGyhU=
28,21,KLZpwkxDKboUeyDdwAtRJHhV8r4=,oE797VX++YxFFREGxxaqfSSGyhU=
27,21,KLZpwkxDKboUeyDdwAtRJHhV8r4=,oE797VX++YxFFREGxxaqfSSGyhU=
25,22,KLZpwkxDKboUeyDdwAtRJHhV8r4=,oE797VX++YxFFREGxxaqfSSGyhU=
30,20,KLZpwkxDKboUeyDdwAtRJHhV8r4=,oE797VX++YxFFREGxxaqfSSGyhU=
25,18,KLZpwkxDKboUeyDdwAtRJHhV8r4=,oE797VX++YxFFREGxxaqfSSGyhU=
26,18,KLZpwkxDKboUeyDdwAtRJHhV8r4=,oE797VX++YxFFREGxxaqfSSGyhU=
29,20,KLZpwkxDKboUeyDdwAtRJHhV8r4=,oE797VX++YxFFREGxxaqfSSGyhU=
29,16,KLZpwkxDKboUeyDdwAtRJHhV8r4=,oE797VX++YxFFREGxxaqfSSGyhU=
28,20,KLZpwkxDKboUeyDdwAtRJHhV8r4=,oE797VX++YxFFREGxxaqfSSGyhU=
27,20,KLZpwkxDKboUeyDdwAtRJHhV8r4=,oE797VX++YxFFREGxxaqfSSGyhU=
25,21,KLZpwkxDKboUeyDdwAtRJHhV8r4=,oE797VX++YxFFREGxxaqfSSGyhU=
30,24,KLZpwkxDKboUeyDdwAtRJHhV8r4=,oE797VX++YxFFREGxxaqfSSGyhU=
26,20,KLZpwkxDKboUeyDdwAtRJHhV8r4=,oE797VX++YxFFREGxxaqfSSGyhU=
29,24,KLZpwkxDKboUeyDdwAtRJHhV8r4=,oE797VX++YxFFREGxxaqfSSGyhU=
27,24,KLZpwkxDKboUeyDdwAtRJHhV8r4=,oE797VX++YxFFREGxxaqfSSGyhU=
31,17,KLZpwkxDKboUeyDdwAtRJHhV8r4=,oE797VX++YxFFREGxxaqfSSGyhU=
31,29,KLZpwkxDKboUeyDdwAtRJHhV8r4=,oE797VX++YxFFREGxxaqfSSGyhU=
31,30,KLZpwkxDKboUeyDdwAtRJHhV8r4=,oE797VX++YxFFREGxxaqfSSGyhU=
28,24,KLZpwkxDKboUeyDdwAtRJHhV8r4=,oE797VX++YxFFREGxxaqfSSGyhU=
31,24,KLZpwkxDKboUeyDdwAtRJHhV8r4=,oE797VX++YxFFREGxxaqfSSGyhU=
31,26,KLZpwkxDKboUeyDdwAtRJHhV8r4=,oE797VX++YxFFREGxxaqfSSGyhU=
31,25,KLZpwkxDKboUeyDdwAtRJHhV8r4=,oE797VX++YxFFREGxxaqfSSGyhU=
31,28,KLZpwkxDKboUeyDdwAtRJHhV8r4=,oE797VX++YxFFREGxxaqfSSGyhU=
31,27,KLZpwkxDKboUeyDdwAtRJHhV8r4=,oE797VX++YxFFREGxxaqfSSGyhU=
31,23,KLZpwkxDKboUeyDdwAtRJHhV8r4=,oE797VX++YxFFREGxxaqfSSGyhU=
30,17,KLZpwkxDKboUeyDdwAtRJHhV8r4=,oE797VX++YxFFREGxxaqfSSGyhU=
29,17,KLZpwkxDKboUeyDdwAtRJHhV8r4=,oE797VX++YxFFREGxxaqfSSGyhU=
28,17,KLZpwkxDKboUeyDdwAtRJHhV8r4=,oE797VX++YxFFREGxxaqfSSGyhU=
25,17,KLZpwkxDKboUeyDdwAtRJHhV8r4=,oE797VX++YxFFREGxxaqfSSGyhU=
27,17,KLZpwkxDKboUeyDdwAtRJHhV8r4=,oE797VX++YxFFREGxxaqfSSGyhU=
26,17,KLZpwkxDKboUeyDdwAtRJHhV8r4=,oE797VX++YxFFREGxxaqfSSGyhU=
30,16,KLZpwkxDKboUeyDdwAtRJHhV8r4=,oE797VX++YxFFREGxxaqfSSGyhU=
31,31,KLZpwkxDKboUeyDdwAtRJHhV8r4=,oE797VX++YxFFREGxxaqfSSGyhU=
31,16,KLZpwkxDKboUeyDdwAtRJHhV8r4=,oE797VX++YxFFREGxxaqfSSGyhU=
23,17,KLZpwkxDKboUeyDdwAtRJHhV8r4=,oE797VX++YxFFREGxxaqfSSGyhU=
25,20,KLZpwkxDKboUeyDdwAtRJHhV8r4=,oE797VX++YxFFREGxxaqfSSGyhU=
17,17,KLZpwkxDKboUeyDdwAtRJHhV8r4=,oE797VX++YxFFREGxxaqfSSGyhU=
23,19,KLZpwkxDKboUeyDdwAtRJHhV8r4=,oE797VX++YxFFREGxxaqfSSGyhU=
23,31,KLZpwkxDKboUeyDdwAtRJHhV8r4=,oE797VX++YxFFREGxxaqfSSGyhU=
20,20,KLZpwkxDKboUeyDdwAtRJHhV8r4=,oE797VX++YxFFREGxxaqfSSGyhU=
24,19,KLZpwkxDKboUeyDdwAtRJHhV8r4=,oE797VX++YxFFREGxxaqfSSGyhU=
24,18,KLZpwkxDKboUeyDdwAtRJHhV8r4=,oE797VX++YxFFREGxxaqfSSGyhU=
16,17,KLZpwkxDKboUeyDdwAtRJHhV8r4=,oE797VX++YxFFREGxxaqfSSGyhU=
21,20,KLZpwkxDKboUeyDdwAtRJHhV8r4=,oE797VX++YxFFREGxxaqfSSGyhU=
18,20,KLZpwkxDKboUeyDdwAtRJHhV8r4=,oE797VX++YxFFREGxxaqfSSGyhU=
24,22,KLZpwkxDKboUeyDdwAtRJHhV8r4=,oE797VX++YxFFREGxxaqfSSGyhU=
17,20,KLZpwkxDKboUeyDdwAtRJHhV8r4=,oE797VX++YxFFREGxxaqfSSGyhU=
24,29,KLZpwkxDKboUeyDdwAtRJHhV8r4=,oE797VX++YxFFREGxxaqfSSGyhU=
19,20,KLZpwkxDKboUeyDdwAtRJHhV8r4=,oE797VX++YxFFREGxxaqfSSGyhU=
20,16,KLZpwkxDKboUeyDdwAtRJHhV8r4=,oE797VX++YxFFREGxxaqfSSGyhU=
21,17,KLZpwkxDKboUeyDdwAtRJHhV8r4=,oE797VX++YxFFREGxxaqfSSGyhU=
19,16,KLZpwkxDKboUeyDdwAtRJHhV8r4=,oE797VX++YxFFREGxxaqfSSGyhU=
22,17,KLZpwkxDKboUeyDdwAtRJHhV8r4=,oE797VX++YxFFREGxxaqfSSGyhU=
16,20,KLZpwkxDKboUeyDdwAtRJHhV8r4=,oE797VX++YxFFREGxxaqfSSGyhU=
24,21,KLZpwkxDKboUeyDdwAtRJHhV8r4=,oE797VX++YxFFREGxxaqfSSGyhU=
18,26,KLZpwkxDKboUeyDdwAtRJHhV8r4=,oE797VX++YxFFREGxxaqfSSGyhU=
22,18,KLZpwkxDKboUeyDdwAtRJHhV8r4=,oE797VX++YxFFREGxxaqfSSGyhU=
20,18,KLZpwkxDKboUeyDdwAtRJHhV8r4=,oE797VX++YxFFREGxxaqfSSGyhU=
19,26,KLZpwkxDKboUeyDdwAtRJHhV8r4=,oE797VX++YxFFREGxxaqfSSGyhU=
21,18,KLZpwkxDKboUeyDdwAtRJHhV8r4=,oE797VX++YxFFREGxxaqfSSGyhU=
23,30,KLZpwkxDKboUeyDdwAtRJHhV8r4=,oE797VX++YxFFREGxxaqfSSGyhU=
23,18,KLZpwkxDKboUeyDdwAtRJHhV8r4=,oE797VX++YxFFREGxxaqfSSGyhU=
22,26,KLZpwkxDKboUeyDdwAtRJHhV8r4=,oE797VX++YxFFREGxxaqfSSGyhU=
17,26,KLZpwkxDKboUeyDdwAtRJHhV8r4=,oE797VX++YxFFREGxxaqfSSGyhU=
24,28,KLZpwkxDKboUeyDdwAtRJHhV8r4=,oE797VX++YxFFREGxxaqfSSGyhU=
22,31,KLZpwkxDKboUeyDdwAtRJHhV8r4=,oE797VX++YxFFREGxxaqfSSGyhU=
18,16,KLZpwkxDKboUeyDdwAtRJHhV8r4=,oE797VX++YxFFREGxxaqfSSGyhU=
19,18,KLZpwkxDKboUeyDdwAtRJHhV8r4=,oE797VX++YxFFREGxxaqfSSGyhU=
17,18,KLZpwkxDKboUeyDdwAtRJHhV8r4=,oE797VX++YxFFREGxxaqfSSGyhU=
20,31,KLZpwkxDKboUeyDdwAtRJHhV8r4=,oE797VX++YxFFREGxxaqfSSGyhU=
21,31,KLZpwkxDKboUeyDdwAtRJHhV8r4=,oE797VX++YxFFREGxxaqfSSGyhU=
18,31,KLZpwkxDKboUeyDdwAtRJHhV8r4=,oE797VX++YxFFREGxxaqfSSGyhU=
24,27,KLZpwkxDKboUeyDdwAtRJHhV8r4=,oE797VX++YxFFREGxxaqfSSGyhU=
17,31,KLZpwkxDKboUeyDdwAtRJHhV8r4=,oE797VX++YxFFREGxxaqfSSGyhU=
20,17,KLZpwkxDKboUeyDdwAtRJHhV8r4=,oE797VX++YxFFREGxxaqfSSGyhU=
16,31,KLZpwkxDKboUeyDdwAtRJHhV8r4=,oE797VX++YxFFREGxxaqfSSGyhU=
19,31,KLZpwkxDKboUeyDdwAtRJHhV8r4=,oE797VX++YxFFREGxxaqfSSGyhU=
18,18,KLZpwkxDKboUeyDdwAtRJHhV8r4=,oE797VX++YxFFREGxxaqfSSGyhU=
24,17,KLZpwkxDKboUeyDdwAtRJHhV8r4=,oE797VX++YxFFREGxxaqfSSGyhU=
23,22,KLZpwkxDKboUeyDdwAtRJHhV8r4=,oE797VX++YxFFREGxxaqfSSGyhU=
24,26,KLZpwkxDKboUeyDdwAtRJHhV8r4=,oE797VX++YxFFREGxxaqfSSGyhU=
18,25,KLZpwkxDKboUeyDdwAtRJHhV8r4=,oE797VX++YxFFREGxxaqfSSGyhU=
24,23,KLZpwkxDKboUeyDdwAtRJHhV8r4=,oE797VX++YxFFREGxxaqfSSGyhU=
21,26,KLZpwkxDKboUeyDdwAtRJHhV8r4=,oE797VX++YxFFREGxxaqfSSGyhU=
17,25,KLZpwkxDKboUeyDdwAtRJHhV8r4=,oE797VX++YxFFREGxxaqfSSGyhU=
20,26,KLZpwkxDKboUeyDdwAtRJHhV8r4=,oE797VX++YxFFREGxxaqfSSGyhU=
22,22,KLZpwkxDKboUeyDdwAtRJHhV8r4=,oE797VX++YxFFREGxxaqfSSGyhU=
19,25,KLZpwkxDKboUeyDdwAtRJHhV8r4=,oE797VX++YxFFREGxxaqfSSGyhU=
16,25,KLZpwkxDKboUeyDdwAtRJHhV8r4=,oE797VX++YxFFREGxxaqfSSGyhU=
16,16,KLZpwkxDKboUeyDdwAtRJHhV8r4=,oE797VX++YxFFREGxxaqfSSGyhU=
22,20,KLZpwkxDKboUeyDdwAtRJHhV8r4=,oE797VX++YxFFREGxxaqfSSGyhU=
19,17,KLZpwkxDKboUeyDdwAtRJHhV8r4=,oE797VX++YxFFREGxxaqfSSGyhU=
21,22,KLZpwkxDKboUeyDdwAtRJHhV8r4=,oE797VX++YxFFREGxxaqfSSGyhU=
18,24,KLZpwkxDKboUeyDdwAtRJHhV8r4=,oE797VX++YxFFREGxxaqfSSGyhU=
17,16,KLZpwkxDKboUeyDdwAtRJHhV8r4=,oE797VX++YxFFREGxxaqfSSGyhU=
17,24,KLZpwkxDKboUeyDdwAtRJHhV8r4=,oE797VX++YxFFREGxxaqfSSGyhU=
22,19,KLZpwkxDKboUeyDdwAtRJHhV8r4=,oE797VX++YxFFREGxxaqfSSGyhU=
16,26,KLZpwkxDKboUeyDdwAtRJHhV8r4=,oE797VX++YxFFREGxxaqfSSGyhU=
16,24,KLZpwkxDKboUeyDdwAtRJHhV8r4=,oE797VX++YxFFREGxxaqfSSGyhU=
23,25,KLZpwkxDKboUeyDdwAtRJHhV8r4=,oE797VX++YxFFREGxxaqfSSGyhU=
23,26,KLZpwkxDKboUeyDdwAtRJHhV8r4=,oE797VX++YxFFREGxxaqfSSGyhU=
22,30,KLZpwkxDKboUeyDdwAtRJHhV8r4=,oE797VX++YxFFREGxxaqfSSGyhU=
20,22,KLZpwkxDKboUeyDdwAtRJHhV8r4=,oE797VX++YxFFREGxxaqfSSGyhU=
23,24,KLZpwkxDKboUeyDdwAtRJHhV8r4=,oE797VX++YxFFREGxxaqfSSGyhU=
21,19,KLZpwkxDKboUeyDdwAtRJHhV8r4=,oE797VX++YxFFREGxxaqfSSGyhU=
20,19,KLZpwkxDKboUeyDdwAtRJHhV8r4=,oE797VX++YxFFREGxxaqfSSGyhU=
20,30,KLZpwkxDKboUeyDdwAtRJHhV8r4=,oE797VX++YxFFREGxxaqfSSGyhU=
21,30,KLZpwkxDKboUeyDdwAtRJHhV8r4=,oE797VX++YxFFREGxxaqfSSGyhU=
21,25,KLZpwkxDKboUeyDdwAtRJHhV8r4=,oE797VX++YxFFREGxxaqfSSGyhU=
19,24,KLZpwkxDKboUeyDdwAtRJHhV8r4=,oE797VX++YxFFREGxxaqfSSGyhU=
19,22,KLZpwkxDKboUeyDdwAtRJHhV8r4=,oE797VX++YxFFREGxxaqfSSGyhU=
18,23,KLZpwkxDKboUeyDdwAtRJHhV8r4=,oE797VX++YxFFREGxxaqfSSGyhU=
17,23,KLZpwkxDKboUeyDdwAtRJHhV8r4=,oE797VX++YxFFREGxxaqfSSGyhU=
19,19,KLZpwkxDKboUeyDdwAtRJHhV8r4=,oE797VX++YxFFREGxxaqfSSGyhU=
22,25,KLZpwkxDKboUeyDdwAtRJHhV8r4=,oE797VX++YxFFREGxxaqfSSGyhU=
16,23,KLZpwkxDKboUeyDdwAtRJHhV8r4=,oE797VX++YxFFREGxxaqfSSGyhU=
20,25,KLZpwkxDKboUeyDdwAtRJHhV8r4=,oE797VX++YxFFREGxxaqfSSGyhU=
24,25,KLZpwkxDKboUeyDdwAtRJHhV8r4=,oE797VX++YxFFREGxxaqfSSGyhU=
19,30,KLZpwkxDKboUeyDdwAtRJHhV8r4=,oE797VX++YxFFREGxxaqfSSGyhU=
18,22,KLZpwkxDKboUeyDdwAtRJHhV8r4=,oE797VX++YxFFREGxxaqfSSGyhU=
23,20,KLZpwkxDKboUeyDdwAtRJHhV8r4=,oE797VX++YxFFREGxxaqfSSGyhU=
17,22,KLZpwkxDKboUeyDdwAtRJHhV8r4=,oE797VX++YxFFREGxxaqfSSGyhU=
22,24,KLZpwkxDKboUeyDdwAtRJHhV8r4=,oE797VX++YxFFREGxxaqfSSGyhU=
19,23,KLZpwkxDKboUeyDdwAtRJHhV8r4=,oE797VX++YxFFREGxxaqfSSGyhU=
18,19,KLZpwkxDKboUeyDdwAtRJHhV8r4=,oE797VX++YxFFREGxxaqfSSGyhU=
21,24,KLZpwkxDKboUeyDdwAtRJHhV8r4=,oE797VX++YxFFREGxxaqfSSGyhU=
16,22,KLZpwkxDKboUeyDdwAtRJHhV8r4=,oE797VX++YxFFREGxxaqfSSGyhU=
20,24,KLZpwkxDKboUeyDdwAtRJHhV8r4=,oE797VX++YxFFREGxxaqfSSGyhU=
17,19,KLZpwkxDKboUeyDdwAtRJHhV8r4=,oE797VX++YxFFREGxxaqfSSGyhU=
23,23,KLZpwkxDKboUeyDdwAtRJHhV8r4=,oE797VX++YxFFREGxxaqfSSGyhU=
21,23,KLZpwkxDKboUeyDdwAtRJHhV8r4=,oE797VX++YxFFREGxxaqfSSGyhU=
16,27,KLZpwkxDKboUeyDdwAtRJHhV8r4=,oE797VX++YxFFREGxxaqfSSGyhU=
18,30,KLZpwkxDKboUeyDdwAtRJHhV8r4=,oE797VX++YxFFREGxxaqfSSGyhU=
24,31,KLZpwkxDKboUeyDdwAtRJHhV8r4=,oE797VX++YxFFREGxxaqfSSGyhU=
16,19,KLZpwkxDKboUeyDdwAtRJHhV8r4=,oE797VX++YxFFREGxxaqfSSGyhU=
20,23,KLZpwkxDKboUeyDdwAtRJHhV8r4=,oE797VX++YxFFREGxxaqfSSGyhU=
23,21,KLZpwkxDKboUeyDdwAtRJHhV8r4=,oE797VX++YxFFREGxxaqfSSGyhU=
17,30,KLZpwkxDKboUeyDdwAtRJHhV8r4=,oE797VX++YxFFREGxxaqfSSGyhU=
18,28,KLZpwkxDKboUeyDdwAtRJHhV8r4=,oE797VX++YxFFREGxxaqfSSGyhU=
24,30,KLZpwkxDKboUeyDdwAtRJHhV8r4=,oE797VX++YxFFREGxxaqfSSGyhU=
23,29,KLZpwkxDKboUeyDdwAtRJHhV8r4=,oE797VX++YxFFREGxxaqfSSGyhU=
16,30,KLZpwkxDKboUeyDdwAtRJHhV8r4=,oE797VX++YxFFREGxxaqfSSGyhU=
23,16,KLZpwkxDKboUeyDdwAtRJHhV8r4=,oE797VX++YxFFREGxxaqfSSGyhU=
21,29,KLZpwkxDKboUeyDdwAtRJHhV8r4=,oE797VX++YxFFREGxxaqfSSGyhU=
22,21,KLZpwkxDKboUeyDdwAtRJHhV8r4=,oE797VX++YxFFREGxxaqfSSGyhU=
22,29,KLZpwkxDKboUeyDdwAtRJHhV8r4=,oE797VX++YxFFREGxxaqfSSGyhU=
18,17,KLZpwkxDKboUeyDdwAtRJHhV8r4=,oE797VX++YxFFREGxxaqfSSGyhU=
20,29,KLZpwkxDKboUeyDdwAtRJHhV8r4=,oE797VX++YxFFREGxxaqfSSGyhU=
17,29,KLZpwkxDKboUeyDdwAtRJHhV8r4=,oE797VX++YxFFREGxxaqfSSGyhU=
19,29,KLZpwkxDKboUeyDdwAtRJHhV8r4=,oE797VX++YxFFREGxxaqfSSGyhU=
16,21,KLZpwkxDKboUeyDdwAtRJHhV8r4=,oE797VX++YxFFREGxxaqfSSGyhU=
18,27,KLZpwkxDKboUeyDdwAtRJHhV8r4=,oE797VX++YxFFREGxxaqfSSGyhU=
17,27,KLZpwkxDKboUeyDdwAtRJHhV8r4=,oE797VX++YxFFREGxxaqfSSGyhU=
24,24,KLZpwkxDKboUeyDdwAtRJHhV8r4=,oE797VX++YxFFREGxxaqfSSGyhU=
21,21,KLZpwkxDKboUeyDdwAtRJHhV8r4=,oE797VX++YxFFREGxxaqfSSGyhU=
24,16,KLZpwkxDKboUeyDdwAtRJHhV8r4=,oE797VX++YxFFREGxxaqfSSGyhU=
22,16,KLZpwkxDKboUeyDdwAtRJHhV8r4=,oE797VX++YxFFREGxxaqfSSGyhU=
23,28,KLZpwkxDKboUeyDdwAtRJHhV8r4=,oE797VX++YxFFREGxxaqfSSGyhU=
16,29,KLZpwkxDKboUeyDdwAtRJHhV8r4=,oE797VX++YxFFREGxxaqfSSGyhU=
19,28,KLZpwkxDKboUeyDdwAtRJHhV8r4=,oE797VX++YxFFREGxxaqfSSGyhU=
20,21,KLZpwkxDKboUeyDdwAtRJHhV8r4=,oE797VX++YxFFREGxxaqfSSGyhU=
24,20,KLZpwkxDKboUeyDdwAtRJHhV8r4=,oE797VX++YxFFREGxxaqfSSGyhU=
19,27,KLZpwkxDKboUeyDdwAtRJHhV8r4=,oE797VX++YxFFREGxxaqfSSGyhU=
21,16,KLZpwkxDKboUeyDdwAtRJHhV8r4=,oE797VX++YxFFREGxxaqfSSGyhU=
22,28,KLZpwkxDKboUeyDdwAtRJHhV8r4=,oE797VX++YxFFREGxxaqfSSGyhU=
17,28,KLZpwkxDKboUeyDdwAtRJHhV8r4=,oE797VX++YxFFREGxxaqfSSGyhU=
20,28,KLZpwkxDKboUeyDdwAtRJHhV8r4=,oE797VX++YxFFREGxxaqfSSGyhU=
16,28,KLZpwkxDKboUeyDdwAtRJHhV8r4=,oE797VX++YxFFREGxxaqfSSGyhU=
21,28,KLZpwkxDKboUeyDdwAtRJHhV8r4=,oE797VX++YxFFREGxxaqfSSGyhU=
23,27,KLZpwkxDKboUeyDdwAtRJHhV8r4=,oE797VX++YxFFREGxxaqfSSGyhU=
22,27,KLZpwkxDKboUeyDdwAtRJHhV8r4=,oE797VX++YxFFREGxxaqfSSGyhU=
19,21,KLZpwkxDKboUeyDdwAtRJHhV8r4=,oE797VX++YxFFREGxxaqfSSGyhU=
16,18,KLZpwkxDKboUeyDdwAtRJHhV8r4=,oE797VX++YxFFREGxxaqfSSGyhU=
18,29,KLZpwkxDKboUeyDdwAtRJHhV8r4=,oE797VX++YxFFREGxxaqfSSGyhU=
20,27,KLZpwkxDKboUeyDdwAtRJHhV8r4=,oE797VX++YxFFREGxxaqfSSGyhU=
21,27,KLZpwkxDKboUeyDdwAtRJHhV8r4=,oE797VX++YxFFREGxxaqfSSGyhU=
17,21,KLZpwkxDKboUeyDdwAtRJHhV8r4=,oE797VX++YxFFREGxxaqfSSGyhU=
18,21,KLZpwkxDKboUeyDdwAtRJHhV8r4=,oE797VX++YxFFREGxxaqfSSGyhU=
22,23,KLZpwkxDKboUeyDdwAtRJHhV8r4=,oE797VX++YxFFREGxxaqfSSGyhU=
20,3,KLZpwkxDKboUeyDdwAtRJHhV8r4=,oE797VX++YxFFREGxxaqfSSGyhU=
17,1,KLZpwkxDKboUeyDdwAtRJHhV8r4=,oE797VX++YxFFREGxxaqfSSGyhU=
19,3,KLZpwkxDKboUeyDdwAtRJHhV8r4=,oE797VX++YxFFREGxxaqfSSGyhU=
21,6,KLZpwkxDKboUeyDdwAtRJHhV8r4=,oE797VX++YxFFREGxxaqfSSGyhU=
23,6,KLZpwkxDKboUeyDdwAtRJHhV8r4=,oE797VX++YxFFREGxxaqfSSGyhU=
19,1,KLZpwkxDKboUeyDdwAtRJHhV8r4=,oE797VX++YxFFREGxxaqfSSGyhU=
22,6,KLZpwkxDKboUeyDdwAtRJHhV8r4=,oE797VX++YxFFREGxxaqfSSGyhU=
20,6,KLZpwkxDKboUeyDdwAtRJHhV8r4=,oE797VX++YxFFREGxxaqfSSGyhU=
23,5,KLZpwkxDKboUeyDdwAtRJHhV8r4=,oE797VX++YxFFREGxxaqfSSGyhU=
19,6,KLZpwkxDKboUeyDdwAtRJHhV8r4=,oE797VX++YxFFREGxxaqfSSGyhU=
22,5,KLZpwkxDKboUeyDdwAtRJHhV8r4=,oE797VX++YxFFREGxxaqfSSGyhU=
16,1,KLZpwkxDKboUeyDdwAtRJHhV8r4=,oE797VX++YxFFREGxxaqfSSGyhU=
21,5,KLZpwkxDKboUeyDdwAtRJHhV8r4=,oE797VX++YxFFREGxxaqfSSGyhU=
22,4,KLZpwkxDKboUeyDdwAtRJHhV8r4=,oE797VX++YxFFREGxxaqfSSGyhU=
23,3,KLZpwkxDKboUeyDdwAtRJHhV8r4=,oE797VX++YxFFREGxxaqfSSGyhU=
19,2,KLZpwkxDKboUeyDdwAtRJHhV8r4=,oE797VX++YxFFREGxxaqfSSGyhU=
18,2,KLZpwkxDKboUeyDdwAtRJHhV8r4=,oE797VX++YxFFREGxxaqfSSGyhU=
23,1,KLZpwkxDKboUeyDdwAtRJHhV8r4=,oE797VX++YxFFREGxxaqfSSGyhU=
18,1,KLZpwkxDKboUeyDdwAtRJHhV8r4=,oE797VX++YxFFREGxxaqfSSGyhU=
20,4,KLZpwkxDKboUeyDdwAtRJHhV8r4=,oE797VX++YxFFREGxxaqfSSGyhU=
22,1,KLZpwkxDKboUeyDdwAtRJHhV8r4=,oE797VX++YxFFREGxxaqfSSGyhU=
21,1,KLZpwkxDKboUeyDdwAtRJHhV8r4=,oE797VX++YxFFREGxxaqfSSGyhU=
21,4,KLZpwkxDKboUeyDdwAtRJHhV8r4=,oE797VX++YxFFREGxxaqfSSGyhU=
18,3,KLZpwkxDKboUeyDdwAtRJHhV8r4=,oE797VX++YxFFREGxxaqfSSGyhU=
20,1,KLZpwkxDKboUeyDdwAtRJHhV8r4=,oE797VX++YxFFREGxxaqfSSGyhU=
17,3,KLZpwkxDKboUeyDdwAtRJHhV8r4=,oE797VX++YxFFREGxxaqfSSGyhU=
22,2,KLZpwkxDKboUeyDdwAtRJHhV8r4=,oE797VX++YxFFREGxxaqfSSGyhU=
17,2,KLZpwkxDKboUeyDdwAtRJHhV8r4=,oE797VX++YxFFREGxxaqfSSGyhU=
21,2,KLZpwkxDKboUeyDdwAtRJHhV8r4=,oE797VX++YxFFREGxxaqfSSGyhU=
20,5,KLZpwkxDKboUeyDdwAtRJHhV8r4=,oE797VX++YxFFREGxxaqfSSGyhU=
20,2,KLZpwkxDKboUeyDdwAtRJHhV8r4=,oE797VX++YxFFREGxxaqfSSGyhU=
21,3,KLZpwkxDKboUeyDdwAtRJHhV8r4=,oE797VX++YxFFREGxxaqfSSGyhU=
19,5,KLZpwkxDKboUeyDdwAtRJHhV8r4=,oE797VX++YxFFREGxxaqfSSGyhU=
22,3,KLZpwkxDKboUeyDdwAtRJHhV8r4=,oE797VX++YxFFREGxxaqfSSGyhU=
18,5,KLZpwkxDKboUeyDdwAtRJHhV8r4=,oE797VX++YxFFREGxxaqfSSGyhU=
19,4,KLZpwkxDKboUeyDdwAtRJHhV8r4=,oE797VX++YxFFREGxxaqfSSGyhU=
23,2,KLZpwkxDKboUeyDdwAtRJHhV8r4=,oE797VX++YxFFREGxxaqfSSGyhU=
18,4,KLZpwkxDKboUeyDdwAtRJHhV8r4=,oE797VX++YxFFREGxxaqfSSGyhU=
23,4,KLZpwkxDKboUeyDdwAtRJHhV8r4=,oE797VX++YxFFREGxxaqfSSGyhU=
17,5,KLZpwkxDKboUeyDdwAtRJHhV8r4=,oE797VX++YxFFREGxxaqfSSGyhU=
16,3,KLZpwkxDKboUeyDdwAtRJHhV8r4=,oE797VX++YxFFREGxxaqfSSGyhU=
16,2,KLZpwkxDKboUeyDdwAtRJHhV8r4=,oE797VX++YxFFREGxxaqfSSGyhU=
16,4,KLZpwkxDKboUeyDdwAtRJHhV8r4=,oE797VX++YxFFREGxxaqfSSGyhU=
16,6,KLZpwkxDKboUeyDdwAtRJHhV8r4=,oE797VX++YxFFREGxxaqfSSGyhU=
18,6,KLZpwkxDKboUeyDdwAtRJHhV8r4=,oE797VX++YxFFREGxxaqfSSGyhU=
16,5,KLZpwkxDKboUeyDdwAtRJHhV8r4=,oE797VX++YxFFREGxxaqfSSGyhU=
18,0,KLZpwkxDKboUeyDdwAtRJHhV8r4=,oE797VX++YxFFREGxxaqfSSGyhU=
19,0,KLZpwkxDKboUeyDdwAtRJHhV8r4=,oE797VX++YxFFREGxxaqfSSGyhU=
20,0,KLZpwkxDKboUeyDdwAtRJHhV8r4=,oE797VX++YxFFREGxxaqfSSGyhU=
17,0,KLZpwkxDKboUeyDdwAtRJHhV8r4=,oE797VX++YxFFREGxxaqfSSGyhU=
21,0,KLZpwkxDKboUeyDdwAtRJHhV8r4=,oE797VX++YxFFREGxxaqfSSGyhU=
22,0,KLZpwkxDKboUeyDdwAtRJHhV8r4=,oE797VX++YxFFREGxxaqfSSGyhU=
23,0,KLZpwkxDKboUeyDdwAtRJHhV8r4=,oE797VX++YxFFREGxxaqfSSGyhU=
17,6,KLZpwkxDKboUeyDdwAtRJHhV8r4=,oE797VX++YxFFREGxxaqfSSGyhU=
17,4,KLZpwkxDKboUeyDdwAtRJHhV8r4=,oE797VX++YxFFREGxxaqfSSGyhU=
16,0,KLZpwkxDKboUeyDdwAtRJHhV8r4=,oE797VX++YxFFREGxxaqfSSGyhU=
28,13,KLZpwkxDKboUeyDdwAtRJHhV8r4=,oE797VX++YxFFREGxxaqfSSGyhU=
27,13,KLZpwkxDKboUeyDdwAtRJHhV8r4=,oE797VX++YxFFREGxxaqfSSGyhU=
29,13,KLZpwkxDKboUeyDdwAtRJHhV8r4=,oE797VX++YxFFREGxxaqfSSGyhU=
30,13,KLZpwkxDKboUeyDdwAtRJHhV8r4=,oE797VX++YxFFREGxxaqfSSGyhU=
25,13,KLZpwkxDKboUeyDdwAtRJHhV8r4=,oE797VX++YxFFREGxxaqfSSGyhU=
26,13,KLZpwkxDKboUeyDdwAtRJHhV8r4=,oE797VX++YxFFREGxxaqfSSGyhU=
25,8,KLZpwkxDKboUeyDdwAtRJHhV8r4=,oE797VX++YxFFREGxxaqfSSGyhU=
26,8,KLZpwkxDKboUeyDdwAtRJHhV8r4=,oE797VX++YxFFREGxxaqfSSGyhU=
27,8,KLZpwkxDKboUeyDdwAtRJHhV8r4=,oE797VX++YxFFREGxxaqfSSGyhU=
28,8,KLZpwkxDKboUeyDdwAtRJHhV8r4=,oE797VX++YxFFREGxxaqfSSGyhU=
30,12,KLZpwkxDKboUeyDdwAtRJHhV8r4=,oE797VX++YxFFREGxxaqfSSGyhU=
29,12,KLZpwkxDKboUeyDdwAtRJHhV8r4=,oE797VX++YxFFREGxxaqfSSGyhU=
31,13,KLZpwkxDKboUeyDdwAtRJHhV8r4=,oE797VX++YxFFREGxxaqfSSGyhU=
28,12,KLZpwkxDKboUeyDdwAtRJHhV8r4=,oE797VX++YxFFREGxxaqfSSGyhU=
31,12,KLZpwkxDKboUeyDdwAtRJHhV8r4=,oE797VX++YxFFREGxxaqfSSGyhU=
30,8,KLZpwkxDKboUeyDdwAtRJHhV8r4=,oE797VX++YxFFREGxxaqfSSGyhU=
31,8,KLZpwkxDKboUeyDdwAtRJHhV8r4=,oE797VX++YxFFREGxxaqfSSGyhU=
29,8,KLZpwkxDKboUeyDdwAtRJHhV8r4=,oE797VX++YxFFREGxxaqfSSGyhU=
27,12,KLZpwkxDKboUeyDdwAtRJHhV8r4=,oE797VX++YxFFREGxxaqfSSGyhU=
26,12,KLZpwkxDKboUeyDdwAtRJHhV8r4=,oE797VX++YxFFREGxxaqfSSGyhU=
25,14,KLZpwkxDKboUeyDdwAtRJHhV8r4=,oE797VX++YxFFREGxxaqfSSGyhU=
31,11,KLZpwkxDKboUeyDdwAtRJHhV8r4=,oE797VX++YxFFREGxxaqfSSGyhU=
30,11,KLZpwkxDKboUeyDdwAtRJHhV8r4=,oE797VX++YxFFREGxxaqfSSGyhU=
26,14,KLZpwkxDKboUeyDdwAtRJHhV8r4=,oE797VX++YxFFREGxxaqfSSGyhU=
29,11,KLZpwkxDKboUeyDdwAtRJHhV8r4=,oE797VX++YxFFREGxxaqfSSGyhU=
27,11,KLZpwkxDKboUeyDdwAtRJHhV8r4=,oE797VX++YxFFREGxxaqfSSGyhU=
28,11,KLZpwkxDKboUeyDdwAtRJHhV8r4=,oE797VX++YxFFREGxxaqfSSGyhU=
27,10,KLZpwkxDKboUeyDdwAtRJHhV8r4=,oE797VX++YxFFREGxxaqfSSGyhU=
26,11,KLZpwkxDKboUeyDdwAtRJHhV8r4=,oE797VX++YxFFREGxxaqfSSGyhU=
26,10,KLZpwkxDKboUeyDdwAtRJHhV8r4=,oE797VX++YxFFREGxxaqfSSGyhU=
27,14,KLZpwkxDKboUeyDdwAtRJHhV8r4=,oE797VX++YxFFREGxxaqfSSGyhU=
27,9,KLZpwkxDKboUeyDdwAtRJHhV8r4=,oE797VX++YxFFREGxxaqfSSGyhU=
28,9,KLZpwkxDKboUeyDdwAtRJHhV8r4=,oE797VX++YxFFREGxxaqfSSGyhU=
26,9,KLZpwkxDKboUeyDdwAtRJHhV8r4=,oE797VX++YxFFREGxxaqfSSGyhU=
28,10,KLZpwkxDKboUeyDdwAtRJHhV8r4=,oE797VX++YxFFREGxxaqfSSGyhU=
25,9,KLZpwkxDKboUeyDdwAtRJHhV8r4=,oE797VX++YxFFREGxxaqfSSGyhU=
25,10,KLZpwkxDKboUeyDdwAtRJHhV8r4=,oE797VX++YxFFREGxxaqfSSGyhU=
29,9,KLZpwkxDKboUeyDdwAtRJHhV8r4=,oE797VX++YxFFREGxxaqfSSGyhU=
30,9,KLZpwkxDKboUeyDdwAtRJHhV8r4=,oE797VX++YxFFREGxxaqfSSGyhU=
31,9,KLZpwkxDKboUeyDdwAtRJHhV8r4=,oE797VX++YxFFREGxxaqfSSGyhU=
29,10,KLZpwkxDKboUeyDdwAtRJHhV8r4=,oE797VX++YxFFREGxxaqfSSGyhU=
29,15,KLZpwkxDKboUeyDdwAtRJHhV8r4=,oE797VX++YxFFREGxxaqfSSGyhU=
25,11,KLZpwkxDKboUeyDdwAtRJHhV8r4=,oE797VX++YxFFREGxxaqfSSGyhU=
28,14,KLZpwkxDKboUeyDdwAtRJHhV8r4=,oE797VX++YxFFREGxxaqfSSGyhU=
31,10,KLZpwkxDKboUeyDdwAtRJHhV8r4=,oE797VX++YxFFREGxxaqfSSGyhU=
30,10,KLZpwkxDKboUeyDdwAtRJHhV8r4=,oE797VX++YxFFREGxxaqfSSGyhU=
31,15,KLZpwkxDKboUeyDdwAtRJHhV8r4=,oE797VX++YxFFREGxxaqfSSGyhU=
27,15,KLZpwkxDKboUeyDdwAtRJHhV8r4=,oE797VX++YxFFREGxxaqfSSGyhU=
28,15,KLZpwkxDKboUeyDdwAtRJHhV8r4=,oE797VX++YxFFREGxxaqfSSGyhU=
30,15,KLZpwkxDKboUeyDdwAtRJHhV8r4=,oE797VX++YxFFREGxxaqfSSGyhU=
25,12,KLZpwkxDKboUeyDdwAtRJHhV8r4=,oE797VX++YxFFREGxxaqfSSGyhU=
31,14,KLZpwkxDKboUeyDdwAtRJHhV8r4=,oE797VX++YxFFREGxxaqfSSGyhU=
26,15,KLZpwkxDKboUeyDdwAtRJHhV8r4=,oE797VX++YxFFREGxxaqfSSGyhU=
25,15,KLZpwkxDKboUeyDdwAtRJHhV8r4=,oE797VX++YxFFREGxxaqfSSGyhU=
30,14,KLZpwkxDKboUeyDdwAtRJHhV8r4=,oE797VX++YxFFREGxxaqfSSGyhU=
19,7,KLZpwkxDKboUeyDdwAtRJHhV8r4=,oE797VX++YxFFREGxxaqfSSGyhU=
29,14,KLZpwkxDKboUeyDdwAtRJHhV8r4=,oE797VX++YxFFREGxxaqfSSGyhU=
20,15,KLZpwkxDKboUeyDdwAtRJHhV8r4=,oE797VX++YxFFREGxxaqfSSGyhU=
18,7,KLZpwkxDKboUeyDdwAtRJHhV8r4=,oE797VX++YxFFREGxxaqfSSGyhU=
23,14,KLZpwkxDKboUeyDdwAtRJHhV8r4=,oE797VX++YxFFREGxxaqfSSGyhU=
16,15,KLZpwkxDKboUeyDdwAtRJHhV8r4=,oE797VX++YxFFREGxxaqfSSGyhU=
19,15,KLZpwkxDKboUeyDdwAtRJHhV8r4=,oE797VX++YxFFREGxxaqfSSGyhU=
20,14,KLZpwkxDKboUeyDdwAtRJHhV8r4=,oE797VX++YxFFREGxxaqfSSGyhU=
17,15,KLZpwkxDKboUeyDdwAtRJHhV8r4=,oE797VX++YxFFREGxxaqfSSGyhU=
18,15,KLZpwkxDKboUeyDdwAtRJHhV8r4=,oE797VX++YxFFREGxxaqfSSGyhU=
24,12,KLZpwkxDKboUeyDdwAtRJHhV8r4=,oE797VX++YxFFREGxxaqfSSGyhU=
22,14,KLZpwkxDKboUeyDdwAtRJHhV8r4=,oE797VX++YxFFREGxxaqfSSGyhU=
16,7,KLZpwkxDKboUeyDdwAtRJHhV8r4=,oE797VX++YxFFREGxxaqfSSGyhU=
18,14,KLZpwkxDKboUeyDdwAtRJHhV8r4=,oE797VX++YxFFREGxxaqfSSGyhU=
17,14,KLZpwkxDKboUeyDdwAtRJHhV8r4=,oE797VX++YxFFREGxxaqfSSGyhU=
19,14,KLZpwkxDKboUeyDdwAtRJHhV8r4=,oE797VX++YxFFREGxxaqfSSGyhU=
24,13,KLZpwkxDKboUeyDdwAtRJHhV8r4=,oE797VX++YxFFREGxxaqfSSGyhU=
17,7,KLZpwkxDKboUeyDdwAtRJHhV8r4=,oE797VX++YxFFREGxxaqfSSGyhU=
21,14,KLZpwkxDKboUeyDdwAtRJHhV8r4=,oE797VX++YxFFREGxxaqfSSGyhU=
16,14,KLZpwkxDKboUeyDdwAtRJHhV8r4=,oE797VX++YxFFREGxxaqfSSGyhU=
24,10,KLZpwkxDKboUeyDdwAtRJHhV8r4=,oE797VX++YxFFREGxxaqfSSGyhU=
24,11,KLZpwkxDKboUeyDdwAtRJHhV8r4=,oE797VX++YxFFREGxxaqfSSGyhU=
23,13,KLZpwkxDKboUeyDdwAtRJHhV8r4=,oE797VX++YxFFREGxxaqfSSGyhU=
20,13,KLZpwkxDKboUeyDdwAtRJHhV8r4=,oE797VX++YxFFREGxxaqfSSGyhU=
22,13,KLZpwkxDKboUeyDdwAtRJHhV8r4=,oE797VX++YxFFREGxxaqfSSGyhU=
19,13,KLZpwkxDKboUeyDdwAtRJHhV8r4=,oE797VX++YxFFREGxxaqfSSGyhU=
21,15,KLZpwkxDKboUeyDdwAtRJHhV8r4=,oE797VX++YxFFREGxxaqfSSGyhU=
18,13,KLZpwkxDKboUeyDdwAtRJHhV8r4=,oE797VX++YxFFREGxxaqfSSGyhU=
20,7,KLZpwkxDKboUeyDdwAtRJHhV8r4=,oE797VX++YxFFREGxxaqfSSGyhU=
21,13,KLZpwkxDKboUeyDdwAtRJHhV8r4=,oE797VX++YxFFREGxxaqfSSGyhU=
16,13,KLZpwkxDKboUeyDdwAtRJHhV8r4=,oE797VX++YxFFREGxxaqfSSGyhU=
17,13,KLZpwkxDKboUeyDdwAtRJHhV8r4=,oE797VX++YxFFREGxxaqfSSGyhU=
19,12,KLZpwkxDKboUeyDdwAtRJHhV8r4=,oE797VX++YxFFREGxxaqfSSGyhU=
23,12,KLZpwkxDKboUeyDdwAtRJHhV8r4=,oE797VX++YxFFREGxxaqfSSGyhU=
22,12,KLZpwkxDKboUeyDdwAtRJHhV8r4=,oE797VX++YxFFREGxxaqfSSGyhU=
21,12,KLZpwkxDKboUeyDdwAtRJHhV8r4=,oE797VX++YxFFREGxxaqfSSGyhU=
20,12,KLZpwkxDKboUeyDdwAtRJHhV8r4=,oE797VX++YxFFREGxxaqfSSGyhU=
18,12,KLZpwkxDKboUeyDdwAtRJHhV8r4=,oE797VX++YxFFREGxxaqfSSGyhU=
17,12,KLZpwkxDKboUeyDdwAtRJHhV8r4=,oE797VX++YxFFREGxxaqfSSGyhU=
16,12,KLZpwkxDKboUeyDdwAtRJHhV8r4=,oE797VX++YxFFREGxxaqfSSGyhU=
22,11,KLZpwkxDKboUeyDdwAtRJHhV8r4=,oE797VX++YxFFREGxxaqfSSGyhU=
20,11,KLZpwkxDKboUeyDdwAtRJHhV8r4=,oE797VX++YxFFREGxxaqfSSGyhU=
24,9,KLZpwkxDKboUeyDdwAtRJHhV8r4=,oE797VX++YxFFREGxxaqfSSGyhU=
23,9,KLZpwkxDKboUeyDdwAtRJHhV8r4=,oE797VX++YxFFREGxxaqfSSGyhU=
21,11,KLZpwkxDKboUeyDdwAtRJHhV8r4=,oE797VX++YxFFREGxxaqfSSGyhU=
19,11,KLZpwkxDKboUeyDdwAtRJHhV8r4=,oE797VX++YxFFREGxxaqfSSGyhU=
22,8,KLZpwkxDKboUeyDdwAtRJHhV8r4=,oE797VX++YxFFREGxxaqfSSGyhU=
23,8,KLZpwkxDKboUeyDdwAtRJHhV8r4=,oE797VX++YxFFREGxxaqfSSGyhU=
23,11,KLZpwkxDKboUeyDdwAtRJHhV8r4=,oE797VX++YxFFREGxxaqfSSGyhU=
18,11,KLZpwkxDKboUeyDdwAtRJHhV8r4=,oE797VX++YxFFREGxxaqfSSGyhU=
21,8,KLZpwkxDKboUeyDdwAtRJHhV8r4=,oE797VX++YxFFREGxxaqfSSGyhU=
17,11,KLZpwkxDKboUeyDdwAtRJHhV8r4=,oE797VX++YxFFREGxxaqfSSGyhU=
23,10,KLZpwkxDKboUeyDdwAtRJHhV8r4=,oE797VX++YxFFREGxxaqfSSGyhU=
16,11,KLZpwkxDKboUeyDdwAtRJHhV8r4=,oE797VX++YxFFREGxxaqfSSGyhU=
24,8,KLZpwkxDKboUeyDdwAtRJHhV8r4=,oE797VX++YxFFREGxxaqfSSGyhU=
22,15,KLZpwkxDKboUeyDdwAtRJHhV8r4=,oE797VX++YxFFREGxxaqfSSGyhU=
22,10,KLZpwkxDKboUeyDdwAtRJHhV8r4=,oE797VX++YxFFREGxxaqfSSGyhU=
21,7,KLZpwkxDKboUeyDdwAtRJHhV8r4=,oE797VX++YxFFREGxxaqfSSGyhU=
22,7,KLZpwkxDKboUeyDdwAtRJHhV8r4=,oE797VX++YxFFREGxxaqfSSGyhU=
23,7,KLZpwkxDKboUeyDdwAtRJHhV8r4=,oE797VX++YxFFREGxxaqfSSGyhU=
22,9,KLZpwkxDKboUeyDdwAtRJHhV8r4=,oE797VX++YxFFREGxxaqfSSGyhU=
19,10,KLZpwkxDKboUeyDdwAtRJHhV8r4=,oE797VX++YxFFREGxxaqfSSGyhU=
20,10,KLZpwkxDKboUeyDdwAtRJHhV8r4=,oE797VX++YxFFREGxxaqfSSGyhU=
18,10,KLZpwkxDKboUeyDdwAtRJHhV8r4=,oE797VX++YxFFREGxxaqfSSGyhU=
17,10,KLZpwkxDKboUeyDdwAtRJHhV8r4=,oE797VX++YxFFREGxxaqfSSGyhU=
21,9,KLZpwkxDKboUeyDdwAtRJHhV8r4=,oE797VX++YxFFREGxxaqfSSGyhU=
16,10,KLZpwkxDKboUeyDdwAtRJHhV8r4=,oE797VX++YxFFREGxxaqfSSGyhU=
21,10,KLZpwkxDKboUeyDdwAtRJHhV8r4=,oE797VX++YxFFREGxxaqfSSGyhU=
20,9,KLZpwkxDKboUeyDdwAtRJHhV8r4=,oE797VX++YxFFREGxxaqfSSGyhU=
20,8,KLZpwkxDKboUeyDdwAtRJHhV8r4=,oE797VX++YxFFREGxxaqfSSGyhU=
18,9,KLZpwkxDKboUeyDdwAtRJHhV8r4=,oE797VX++YxFFREGxxaqfSSGyhU=
19,9,KLZpwkxDKboUeyDdwAtRJHhV8r4=,oE797VX++YxFFREGxxaqfSSGyhU=
17,9,KLZpwkxDKboUeyDdwAtRJHhV8r4=,oE797VX++YxFFREGxxaqfSSGyhU=
16,9,KLZpwkxDKboUeyDdwAtRJHhV8r4=,oE797VX++YxFFREGxxaqfSSGyhU=
24,15,KLZpwkxDKboUeyDdwAtRJHhV8r4=,oE797VX++YxFFREGxxaqfSSGyhU=
19,8,KLZpwkxDKboUeyDdwAtRJHhV8r4=,oE797VX++YxFFREGxxaqfSSGyhU=
24,14,KLZpwkxDKboUeyDdwAtRJHhV8r4=,oE797VX++YxFFREGxxaqfSSGyhU=
23,15,KLZpwkxDKboUeyDdwAtRJHhV8r4=,oE797VX++YxFFREGxxaqfSSGyhU=
18,8,KLZpwkxDKboUeyDdwAtRJHhV8r4=,oE797VX++YxFFREGxxaqfSSGyhU=
17,8,KLZpwkxDKboUeyDdwAtRJHhV8r4=,oE797VX++YxFFREGxxaqfSSGyhU=
16,8,KLZpwkxDKboUeyDdwAtRJHhV8r4=,oE797VX++YxFFREGxxaqfSSGyhU=
